_id,address,area,city,experience,fees,hospital,name,platform,profile_url,rating,scraped_at,specialty
6930b256fa8a4a28b0bba407,,,Karachi,20 Yrs,,https://www.marham.pk/hospitals/karachi/hashmanis-hospital-m-a-jinnah-road/jacob-lines,Dr. Feroze Ahmed Mahar,marham,https://www.marham.pk/doctors/karachi/urologist/dr-feroze-ahmed-mahar,,2025-12-03 21:57:42.519000,['Urologist']
6930b256fa8a4a28b0bba408,,,Karachi,31 Yrs,,https://www.marham.pk/hospitals/karachi/hashmanis-hospital-m-a-jinnah-road/jacob-lines,Prof. Dr. Nasreen Siddiqui,marham,https://www.marham.pk/doctors/karachi/plastic-surgeon/prof-dr-nasreen-siddiqui,,2025-12-03 21:57:42.522000,"['Plastic Surgeon, General Surgeon, Cosmetic Surgeon, Plastic Surgeon, Burns Specialist, Reconstructive Surgeon']"
6930b256fa8a4a28b0bba409,,,Karachi,3 Yrs,,https://www.marham.pk/hospitals/karachi/hashmanis-hospital-m-a-jinnah-road/jacob-lines,Dr. Azeem Rajput,marham,https://www.marham.pk/doctors/karachi/endocrinologist/dr-azeem-rajput,,2025-12-03 21:57:42.526000,['Endocrinologist']
6930b256fa8a4a28b0bba40a,,,Karachi,88%,,https://www.marham.pk/hospitals/karachi/hashmanis-hospital-m-a-jinnah-road/jacob-lines,Dr. Azhar Mashood,marham,https://www.marham.pk/doctors/karachi/speech-therapist/dr-azhar-mashood,,2025-12-03 21:57:42.531000,['Speech Therapist']
6930b256fa8a4a28b0bba40b,,,Karachi,97%,,https://www.marham.pk/hospitals/karachi/hashmanis-hospital-m-a-jinnah-road/jacob-lines,Dr. Haji Saleem,marham,https://www.marham.pk/doctors/karachi/pediatrician/dr-haji-saleem,,2025-12-03 21:57:42.538000,['Pediatrician']
6930b256fa8a4a28b0bba40c,,,Karachi,83%,,https://www.marham.pk/hospitals/karachi/hashmanis-hospital-m-a-jinnah-road/jacob-lines,Dr. M Abbas Memon,marham,https://www.marham.pk/doctors/karachi/pediatrician/dr-m-abbas-memon,,2025-12-03 21:57:42.545000,['Pediatrician']
6930b256fa8a4a28b0bba40d,,,Karachi,8 Yrs,,https://www.marham.pk/hospitals/karachi/hashmanis-hospital-m-a-jinnah-road/jacob-lines,Dr. Tanweer Ahmed,marham,https://www.marham.pk/doctors/karachi/neuro-surgeon/dr-tanweer-ahmed,,2025-12-03 21:57:42.552000,['Neuro Surgeon']
6930b256fa8a4a28b0bba40e,,,Karachi,40 Yrs,,https://www.marham.pk/hospitals/karachi/hashmanis-hospital-m-a-jinnah-road/jacob-lines,Prof. Dr. S M Abbas,marham,https://www.marham.pk/doctors/karachi/general-surgeon/prof-dr-s-m-abbas,,2025-12-03 21:57:42.560000,['General Surgeon']
6930b256fa8a4a28b0bba40f,,,Karachi,,,https://www.marham.pk/hospitals/karachi/hashmanis-hospital-m-a-jinnah-road/jacob-lines,Dr. Muhammad Afzal,marham,https://www.marham.pk/doctors/karachi/general-surgeon/dr-muhammad-afzal,,2025-12-03 21:57:42.565000,['General Surgeon']
6930b256fa8a4a28b0bba410,,,Karachi,5 Yrs,,https://www.marham.pk/hospitals/karachi/hashmanis-hospital-m-a-jinnah-road/jacob-lines,Dr. Zaid Dossani,marham,https://www.marham.pk/doctors/karachi/general-surgeon/dr-zaid-dossani,,2025-12-03 21:57:42.569000,['General Surgeon']
6930b256fa8a4a28b0bba411,,,Karachi,12 Yrs,,https://www.marham.pk/hospitals/karachi/hashmanis-hospital-m-a-jinnah-road/jacob-lines,Dr. Raja Guru Dat,marham,https://www.marham.pk/doctors/karachi/internal-medicine/dr-raja-guru-dat,,2025-12-03 21:57:42.573000,['Internal Medicine Specialist']
6930b256fa8a4a28b0bba412,,,Karachi,5 Yrs,,https://www.marham.pk/hospitals/karachi/hashmanis-hospital-m-a-jinnah-road/jacob-lines,Dr. Muhammad Javed,marham,https://www.marham.pk/doctors/karachi/endocrinologist/dr-muhammad-javed,,2025-12-03 21:57:42.576000,['Endocrinologist']
6930b256fa8a4a28b0bba413,,,Karachi,8 Yrs,,https://www.marham.pk/hospitals/karachi/hashmanis-hospital-m-a-jinnah-road/jacob-lines,Dr. Lal Chand,marham,https://www.marham.pk/doctors/karachi/cardiologist/dr-lal-chand,,2025-12-03 21:57:42.578000,['Cardiologist']
6930b256fa8a4a28b0bba414,,,Karachi,,,https://www.marham.pk/hospitals/karachi/hashmanis-hospital-m-a-jinnah-road/jacob-lines,Dr. Riaz Ahmed Shahid,marham,https://www.marham.pk/doctors/karachi/ent-surgeon/dr-riaz-ahmed-shahid,,2025-12-03 21:57:42.581000,['Ent Surgeon']
6930b256fa8a4a28b0bba415,,,Karachi,100%,,https://www.marham.pk/hospitals/karachi/hashmanis-hospital-m-a-jinnah-road/jacob-lines,Dr. Jan Muhammad,marham,https://www.marham.pk/doctors/karachi/general-surgeon/dr-jan-muhammad,,2025-12-03 21:57:42.587000,['General Surgeon']
6930b256fa8a4a28b0bba416,,,Karachi,28 Yrs,,https://www.marham.pk/hospitals/karachi/hashmanis-hospital-m-a-jinnah-road/jacob-lines,Dr. Rehana Sheikh,marham,https://www.marham.pk/doctors/karachi/gynecologist/dr-rehana-sheikh,,2025-12-03 21:57:42.590000,['Gynecologist']
6930b256fa8a4a28b0bba417,,,Karachi,,,https://www.marham.pk/hospitals/karachi/hashmanis-hospital-m-a-jinnah-road/jacob-lines,Dr. Wajid Ali Sheikh,marham,https://www.marham.pk/doctors/karachi/general-physician/dr-wajid-ali-sheikh,,2025-12-03 21:57:42.594000,['General Physician']
6930b256fa8a4a28b0bba418,,,Karachi,,,https://www.marham.pk/hospitals/karachi/hashmanis-hospital-m-a-jinnah-road/jacob-lines,Dr. Ahsan Mobin,marham,https://www.marham.pk/doctors/karachi/family-medicine/dr-ahsan-mobin,,2025-12-03 21:57:42.597000,['Family Medicine']
6930b256fa8a4a28b0bba419,,,Karachi,,,https://www.marham.pk/hospitals/karachi/hashmanis-hospital-m-a-jinnah-road/jacob-lines,Dr. Zahid Memon,marham,https://www.marham.pk/doctors/karachi/general-surgeon/dr-zahid-memon,,2025-12-03 21:57:42.602000,['General Surgeon']
6930b256fa8a4a28b0bba41a,,,Karachi,100%,,https://www.marham.pk/hospitals/karachi/hashmanis-hospital-m-a-jinnah-road/jacob-lines,Dr. Mr Umair,marham,https://www.marham.pk/doctors/karachi/physiotherapist/dr-mr-umair,,2025-12-03 21:57:42.606000,['Physiotherapist']
6930b256fa8a4a28b0bba41b,,,Karachi,3 Yrs,,https://www.marham.pk/hospitals/karachi/hashmanis-hospital-m-a-jinnah-road/jacob-lines,Dr. Samra Rizwan,marham,https://www.marham.pk/doctors/karachi/gynecologist/dr-samra-rizwan,,2025-12-03 21:57:42.609000,['Gynecologist']
6930b256fa8a4a28b0bba41c,,,Karachi,,,https://www.marham.pk/hospitals/karachi/hashmanis-hospital-m-a-jinnah-road/jacob-lines,Dr. Farzeen Sharufuddin,marham,https://www.marham.pk/doctors/karachi/pediatric-surgeon/dr-farzeen-sharufuddin,,2025-12-03 21:57:42.612000,['Pediatric Surgeon']
6930b256fa8a4a28b0bba41d,,,Karachi,,,https://www.marham.pk/hospitals/karachi/hashmanis-hospital-m-a-jinnah-road/jacob-lines,Dr. Inam Haider,marham,https://www.marham.pk/doctors/karachi/family-medicine/dr-inam-haider,,2025-12-03 21:57:42.616000,['Family Medicine']
6930b256fa8a4a28b0bba41e,,,Karachi,91%,,https://www.marham.pk/hospitals/karachi/hashmanis-hospital-m-a-jinnah-road/jacob-lines,Dr. Abdul Waheed,marham,https://www.marham.pk/doctors/karachi/ent-specialist/dr-abdul-waheed,,2025-12-03 21:57:42.620000,['Ent Specialist']
6930b256fa8a4a28b0bba41f,,,Karachi,39 Yrs,,https://www.marham.pk/hospitals/karachi/hashmanis-hospital-m-a-jinnah-road/jacob-lines,Prof. Dr. Khalida Soomro,marham,https://www.marham.pk/doctors/karachi/cardiologist/prof-dr-khalida-soomro,,2025-12-03 21:57:42.624000,['Cardiologist']
6930b256fa8a4a28b0bba420,,,Karachi,3 Yrs,,https://www.marham.pk/hospitals/karachi/hashmanis-hospital-m-a-jinnah-road/jacob-lines,Dr. Wajeeha Elahi,marham,https://www.marham.pk/doctors/karachi/nephrologist/dr-wajeeha-elahi,,2025-12-03 21:57:42.626000,['Nephrologist']
6930b256fa8a4a28b0bba421,,,Karachi,15 Yrs,,https://www.marham.pk/hospitals/karachi/hashmanis-hospital-m-a-jinnah-road/jacob-lines,Dr. Harnam Hotchandani,marham,https://www.marham.pk/doctors/karachi/pediatrician/dr-harnam-hotchandani,,2025-12-03 21:57:42.629000,['Pediatrician']
6930b269fa8a4a28b0bba422,,,Karachi,6 Yrs,,https://www.marham.pk/hospitals/karachi/qureshi-ent-medical-centre/gulistan-e-jauhar,Ms Naveera Fatima,marham,https://www.marham.pk/doctors/karachi/speech-therapist/ms-naveera-fatima,,2025-12-03 21:58:01.793000,['Speech Therapist']
6930b269fa8a4a28b0bba423,,,Karachi,7 Yrs,,https://www.marham.pk/hospitals/karachi/qureshi-ent-medical-centre/gulistan-e-jauhar,Dr. Sidra Saleem,marham,https://www.marham.pk/doctors/karachi/pediatrician/dr-sidra-saleem,,2025-12-03 21:58:01.797000,['Pediatrician']
6930b27ffa8a4a28b0bba424,,,Karachi,35 Yrs,,https://www.marham.pk/hospitals/karachi/karachi-medical-complex-consultants-clinic/gulshan-e-iqbal,Dr. Iqbal Nabi Soomro,marham,https://www.marham.pk/doctors/karachi/dermatologist/dr-iqbal-nabi-soomro,,2025-12-03 21:58:23.586000,['Dermatologist']
6930b27ffa8a4a28b0bba425,,,Karachi,10 Yrs,,https://www.marham.pk/hospitals/karachi/karachi-medical-complex-consultants-clinic/gulshan-e-iqbal,Dr. Sana Adeel,marham,https://www.marham.pk/doctors/karachi/dermatologist/dr-sana-adeel,,2025-12-03 21:58:23.590000,"['Dermatologist, Aesthetic Physician']"
6930b27ffa8a4a28b0bba426,,,Karachi,100%,,https://www.marham.pk/hospitals/karachi/karachi-medical-complex-consultants-clinic/gulshan-e-iqbal,Dr. Najeeb Abdul Razzak,marham,https://www.marham.pk/doctors/karachi/ent-specialist/dr-najeeb-abdul-razzak,,2025-12-03 21:58:23.593000,['Ent Specialist']
6930b27ffa8a4a28b0bba427,,,Karachi,26 Yrs,,https://www.marham.pk/hospitals/karachi/karachi-medical-complex-consultants-clinic/gulshan-e-iqbal,Dr. Nilofur Alvi,marham,https://www.marham.pk/doctors/karachi/gynecologist/dr-nilofur-alvi,,2025-12-03 21:58:23.597000,['Gynecologist']
6930b27ffa8a4a28b0bba428,,,Karachi,10 Yrs,,https://www.marham.pk/hospitals/karachi/karachi-medical-complex-consultants-clinic/gulshan-e-iqbal,Dr. Sidra Tariq,marham,https://www.marham.pk/doctors/karachi/dermatologist/dr-sidra-tariq,,2025-12-03 21:58:23.602000,['Dermatologist']
6930b27ffa8a4a28b0bba429,,,Karachi,34 Yrs,,https://www.marham.pk/hospitals/karachi/karachi-medical-complex-consultants-clinic/gulshan-e-iqbal,Dr. Taj Muhammad Shiekh,marham,https://www.marham.pk/doctors/karachi/ent-specialist/dr-taj-muhammad-shiekh,,2025-12-03 21:58:23.604000,['Ent Specialist']
6930b27ffa8a4a28b0bba42a,,,Karachi,5 Yrs,,https://www.marham.pk/hospitals/karachi/karachi-medical-complex-consultants-clinic/gulshan-e-iqbal,Dr. Misbah Bashir,marham,https://www.marham.pk/doctors/karachi/dermatologist/dr-misbah-bashir,,2025-12-03 21:58:23.608000,['Dermatologist']
6930b27ffa8a4a28b0bba42b,,,Karachi,14 Yrs,,https://www.marham.pk/hospitals/karachi/karachi-medical-complex-consultants-clinic/gulshan-e-iqbal,Dr. Shaista Naz,marham,https://www.marham.pk/doctors/karachi/speech-therapist/dr-shaista-naz,,2025-12-03 21:58:23.611000,['Speech Therapist']
6930b27ffa8a4a28b0bba42c,,,Karachi,30 Yrs,,https://www.marham.pk/hospitals/karachi/karachi-medical-complex-consultants-clinic/gulshan-e-iqbal,Dr. Almas Qazi,marham,https://www.marham.pk/doctors/karachi/general-surgeon/dr-almas-qazi,,2025-12-03 21:58:23.614000,['General Surgeon']
6930b27ffa8a4a28b0bba42d,,,Karachi,,,https://www.marham.pk/hospitals/karachi/karachi-medical-complex-consultants-clinic/gulshan-e-iqbal,Dr. Madiha Farrukh,marham,https://www.marham.pk/doctors/karachi/family-medicine/dr-madiha-farrukh,,2025-12-03 21:58:23.618000,['Family Medicine']
6930b27ffa8a4a28b0bba42e,,,Karachi,36 Yrs,,https://www.marham.pk/hospitals/karachi/karachi-medical-complex-consultants-clinic/gulshan-e-iqbal,Dr. Ahmed Ali,marham,https://www.marham.pk/doctors/karachi/orthopedic-surgeon/dr-ahmed-ali,,2025-12-03 21:58:23.623000,['Orthopedic Surgeon']
6930b27ffa8a4a28b0bba42f,,,Karachi,35 Yrs,,https://www.marham.pk/hospitals/karachi/karachi-medical-complex-consultants-clinic/gulshan-e-iqbal,Dr. Capt. Muhammad Yaseen Usman,marham,https://www.marham.pk/doctors/karachi/family-medicine/dr-capt-muhammad-yaseen-usman,,2025-12-03 21:58:23.626000,"['Family Medicine, Diabetologist']"
6930b27ffa8a4a28b0bba430,,,Karachi,,,https://www.marham.pk/hospitals/karachi/karachi-medical-complex-consultants-clinic/gulshan-e-iqbal,Dr. Uzair Ahmed Siddiqui,marham,https://www.marham.pk/doctors/karachi/neuro-surgeon/dr-uzair-ahmed-siddiqui,,2025-12-03 21:58:23.629000,['Neuro Surgeon']
6930b27ffa8a4a28b0bba431,,,Karachi,,,https://www.marham.pk/hospitals/karachi/karachi-medical-complex-consultants-clinic/gulshan-e-iqbal,Dr. Saleem Ahmed Rajput,marham,https://www.marham.pk/doctors/karachi/cardiologist/dr-saleem-ahmed-rajput,,2025-12-03 21:58:23.631000,['Cardiologist']
6930b27ffa8a4a28b0bba432,,,Karachi,12 Yrs,,https://www.marham.pk/hospitals/karachi/karachi-medical-complex-consultants-clinic/gulshan-e-iqbal,Dr. Ayesha Mustafa,marham,https://www.marham.pk/doctors/karachi/dermatologist/dr-ayesha-mustafa,,2025-12-03 21:58:23.633000,['Dermatologist']
6930b27ffa8a4a28b0bba433,,,Karachi,,,https://www.marham.pk/hospitals/karachi/karachi-medical-complex-consultants-clinic/gulshan-e-iqbal,Dr. Syed Ameer Uddin Dewan,marham,https://www.marham.pk/doctors/karachi/diabetologist/dr-syed-ameer-uddin-dewan,,2025-12-03 21:58:23.636000,['Diabetologist']
6930b27ffa8a4a28b0bba434,,,Karachi,5 Yrs,,https://www.marham.pk/hospitals/karachi/karachi-medical-complex-consultants-clinic/gulshan-e-iqbal,Dr. Nida Khan,marham,https://www.marham.pk/doctors/karachi/general-physician/dr-nida-khan,,2025-12-03 21:58:23.638000,['General Physician']
6930b27ffa8a4a28b0bba435,,,Karachi,,,https://www.marham.pk/hospitals/karachi/karachi-medical-complex-consultants-clinic/gulshan-e-iqbal,Dr. Shireen Arif,marham,https://www.marham.pk/doctors/karachi/cardiologist/dr-shireen-arif,,2025-12-03 21:58:23.639000,['Cardiologist']
6930b27ffa8a4a28b0bba436,,,Karachi,,,https://www.marham.pk/hospitals/karachi/karachi-medical-complex-consultants-clinic/gulshan-e-iqbal,Tayyaba Ghousia,marham,https://www.marham.pk/doctors/karachi/psychologist/tayyaba-ghousia,,2025-12-03 21:58:23.641000,['Psychologist']
6930b27ffa8a4a28b0bba437,,,Karachi,,,https://www.marham.pk/hospitals/karachi/karachi-medical-complex-consultants-clinic/gulshan-e-iqbal,Dr. Amber Naz,marham,https://www.marham.pk/doctors/karachi/physiotherapist/dr-amber-naz,,2025-12-03 21:58:23.643000,['Physiotherapist']
6930b27ffa8a4a28b0bba438,,,Karachi,,,https://www.marham.pk/hospitals/karachi/karachi-medical-complex-consultants-clinic/gulshan-e-iqbal,Dr. Marina Sheikh Pt,marham,https://www.marham.pk/doctors/karachi/physiotherapist/dr-marina-sheikh-pt,,2025-12-03 21:58:23.644000,['Physiotherapist']
6930b27ffa8a4a28b0bba439,,,Karachi,,,https://www.marham.pk/hospitals/karachi/karachi-medical-complex-consultants-clinic/gulshan-e-iqbal,Dr. Hafsa Sohail,marham,https://www.marham.pk/doctors/karachi/pediatrician/dr-hafsa-sohail,,2025-12-03 21:58:23.646000,['Pediatrician']
6930b27ffa8a4a28b0bba43a,,,Karachi,,,https://www.marham.pk/hospitals/karachi/karachi-medical-complex-consultants-clinic/gulshan-e-iqbal,Dr. Naveed Sarfaraz Arab,marham,https://www.marham.pk/doctors/karachi/orthopedic-surgeon/dr-naveed-sarfaraz-arab,,2025-12-03 21:58:23.647000,['Orthopedic Surgeon']
6930b27ffa8a4a28b0bba43b,,,Karachi,100%,,https://www.marham.pk/hospitals/karachi/karachi-medical-complex-consultants-clinic/gulshan-e-iqbal,Dr. Muzaffar Ali,marham,https://www.marham.pk/doctors/karachi/general-physician/dr-muzaffar-ali,,2025-12-03 21:58:23.649000,['General Physician']
6930b27ffa8a4a28b0bba43c,,,Karachi,,,https://www.marham.pk/hospitals/karachi/karachi-medical-complex-consultants-clinic/gulshan-e-iqbal,Dr. Mehak Bano,marham,https://www.marham.pk/doctors/karachi/physiotherapist/dr-mehak-bano,,2025-12-03 21:58:23.651000,['Physiotherapist']
6930b27ffa8a4a28b0bba43d,,,Karachi,12 Yrs,,https://www.marham.pk/hospitals/karachi/karachi-medical-complex-consultants-clinic/gulshan-e-iqbal,Dr. Abdullah Yahya,marham,https://www.marham.pk/doctors/karachi/dermatologist/dr-abdullah-yahya,,2025-12-03 21:58:23.653000,['Dermatologist']
6930b27ffa8a4a28b0bba43e,,,Karachi,,,https://www.marham.pk/hospitals/karachi/karachi-medical-complex-consultants-clinic/gulshan-e-iqbal,Dr. Sabiha Shujaat,marham,https://www.marham.pk/doctors/karachi/sonologist/dr-sabiha-shujaat,,2025-12-03 21:58:23.655000,['Sonologist']
6930b27ffa8a4a28b0bba43f,,,Karachi,,,https://www.marham.pk/hospitals/karachi/karachi-medical-complex-consultants-clinic/gulshan-e-iqbal,Dr. Abdus Sami,marham,https://www.marham.pk/doctors/karachi/physiotherapist/dr-abdus-sami,,2025-12-03 21:58:23.656000,['Physiotherapist']
6930b27ffa8a4a28b0bba440,,,Karachi,,,https://www.marham.pk/hospitals/karachi/karachi-medical-complex-consultants-clinic/gulshan-e-iqbal,Dr. Sumaira Nasim,marham,https://www.marham.pk/doctors/karachi/cardiologist/dr-sumaira-nasim,,2025-12-03 21:58:23.658000,['Cardiologist']
6930b27ffa8a4a28b0bba441,,,Karachi,,,https://www.marham.pk/hospitals/karachi/karachi-medical-complex-consultants-clinic/gulshan-e-iqbal,Dr. M Amjad,marham,https://www.marham.pk/doctors/karachi/diabetologist/dr-m-amjad,,2025-12-03 21:58:23.661000,['Diabetologist']
6930b27ffa8a4a28b0bba442,,,Karachi,,,https://www.marham.pk/hospitals/karachi/karachi-medical-complex-consultants-clinic/gulshan-e-iqbal,Dr. Nida Mughal,marham,https://www.marham.pk/doctors/karachi/physiotherapist/dr-nida-mughal,,2025-12-03 21:58:23.664000,[]
6930b27ffa8a4a28b0bba443,,,Karachi,,,https://www.marham.pk/hospitals/karachi/karachi-medical-complex-consultants-clinic/gulshan-e-iqbal,Prof. Dr. Mr Abdul Rasheed,marham,https://www.marham.pk/doctors/karachi/cardiologist/prof-dr-mr-abdul-rasheed,,2025-12-03 21:58:23.667000,['Cardiologist']
6930b27ffa8a4a28b0bba444,,,Karachi,22 Yrs,,https://www.marham.pk/hospitals/karachi/karachi-medical-complex-consultants-clinic/gulshan-e-iqbal,Dr. Syed Faisal Masood,marham,https://www.marham.pk/doctors/karachi/nutritionist/dr-syed-faisal-masood,,2025-12-03 21:58:23.670000,['Nutritionist']
6930b27ffa8a4a28b0bba445,,,Karachi,21 Yrs,,https://www.marham.pk/hospitals/karachi/karachi-medical-complex-consultants-clinic/gulshan-e-iqbal,Dr. Yousuf Hasnain,marham,https://www.marham.pk/doctors/karachi/sexologist/dr-yousuf-hasnain,,2025-12-03 21:58:23.673000,['Sexologist']
6930b27ffa8a4a28b0bba446,,,Karachi,,,https://www.marham.pk/hospitals/karachi/karachi-medical-complex-consultants-clinic/gulshan-e-iqbal,Dr. Mohammad Afzal Ahmad,marham,https://www.marham.pk/doctors/karachi/general-surgeon/dr-mohammad-afzal-ahmad,,2025-12-03 21:58:23.675000,['General Surgeon']
6930b292fa8a4a28b0bba447,,,Karachi,30 Yrs,,https://www.marham.pk/hospitals/karachi/taj-medical-complex-hospital-room-14-karachi/sadar,Dr. Inder Kumar Chughwani,marham,https://www.marham.pk/doctors/karachi/neuro-psychiatrist/dr-inder-kumar-chughwani,,2025-12-03 21:58:42.939000,['Neuro Psychiatrist']
6930b292fa8a4a28b0bba448,,,Karachi,20 Yrs,,https://www.marham.pk/hospitals/karachi/taj-medical-complex-hospital-room-14-karachi/sadar,Dr. Muhammad Wasim Lodhi,marham,https://www.marham.pk/doctors/karachi/internal-medicine/dr-muhammad-wasim-lodhi,,2025-12-03 21:58:42.946000,['Internal Medicine Specialist']
6930b292fa8a4a28b0bba449,,,Karachi,30 Yrs,,https://www.marham.pk/hospitals/karachi/taj-medical-complex-hospital-room-14-karachi/sadar,Dr. Zulfiqar Ali Khuwaja,marham,https://www.marham.pk/doctors/karachi/dermatologist/dr-zulfiqar-ali-khuwaja,,2025-12-03 21:58:42.953000,['Dermatologist']
6930b292fa8a4a28b0bba44a,,,Karachi,25 Yrs,,https://www.marham.pk/hospitals/karachi/taj-medical-complex-hospital-room-14-karachi/sadar,Dr. Nanwani Naresh,marham,https://www.marham.pk/doctors/karachi/internal-medicine/dr-nanwani-naresh,,2025-12-03 21:58:42.965000,"['Internal Medicine Specialist, Gastroenterologist']"
6930b292fa8a4a28b0bba44b,,,Karachi,30 Yrs,,https://www.marham.pk/hospitals/karachi/taj-medical-complex-hospital-room-14-karachi/sadar,Asst. Prof. Dr. Ali Raza,marham,https://www.marham.pk/doctors/karachi/orthopedic-surgeon/asst-prof-dr-ali-raza,,2025-12-03 21:58:42.973000,['Orthopedic Surgeon']
6930b2a7fa8a4a28b0bba44c,,,Karachi,35 Yrs,,https://www.marham.pk/hospitals/karachi/metropolis-health-clinics/clifton,Dr. Sonia Poshni Sheikh,marham,https://www.marham.pk/doctors/karachi/gynecologist/dr-sonia-poshni-sheikh,,2025-12-03 21:59:03.361000,['Gynecologist']
6930b2a7fa8a4a28b0bba44d,,,Karachi,19 Yrs,,https://www.marham.pk/hospitals/karachi/metropolis-health-clinics/clifton,Dr. Naureen Kazim,marham,https://www.marham.pk/doctors/karachi/internal-medicine/dr-naureen-kazim,,2025-12-03 21:59:03.367000,['General Physician']
6930b2a7fa8a4a28b0bba44e,,,Karachi,9 Yrs,,https://www.marham.pk/hospitals/karachi/metropolis-health-clinics/clifton,Dr. Muhammad Shoaib Nasir Ali Khan,marham,https://www.marham.pk/doctors/karachi/interventional-radiologist/dr-muhammad-shoaib-nasir-ali-khan,,2025-12-03 21:59:03.374000,"['Radiologist, Sonologist']"
6930b2a7fa8a4a28b0bba44f,,,Karachi,,,https://www.marham.pk/hospitals/karachi/metropolis-health-clinics/clifton,Dr. Zainab Chandio,marham,https://www.marham.pk/doctors/karachi/dentist/dr-zainab-chandio,,2025-12-03 21:59:03.384000,['Dentist']
6930b2a7fa8a4a28b0bba450,,,Karachi,,,https://www.marham.pk/hospitals/karachi/metropolis-health-clinics/clifton,Dr. Nida Shoaib,marham,https://www.marham.pk/doctors/karachi/general-physician/dr-nida-shoaib,,2025-12-03 21:59:03.391000,['General Physician']
6930b2a7fa8a4a28b0bba451,,,Karachi,,,https://www.marham.pk/hospitals/karachi/metropolis-health-clinics/clifton,Dr. Amema Hassan,marham,https://www.marham.pk/doctors/karachi/general-surgeon/dr-amema-hassan,,2025-12-03 21:59:03.399000,"['General Surgeon, Laparoscopic Surgeon']"
6930b2a7fa8a4a28b0bba452,,,Karachi,,,https://www.marham.pk/hospitals/karachi/metropolis-health-clinics/clifton,Dr. Muhammad Mudassir Thahim,marham,https://www.marham.pk/doctors/karachi/cardiologist/dr-muhammad-mudassir-thahim,,2025-12-03 21:59:03.406000,['Cardiologist']
6930b2a7fa8a4a28b0bba453,,,Karachi,28 Yrs,,https://www.marham.pk/hospitals/karachi/metropolis-health-clinics/clifton,Prof. Dr. Saera Suhail Kidwai,marham,https://www.marham.pk/doctors/karachi/internal-medicine/prof-dr-saera-suhail-kidwai,,2025-12-03 21:59:03.410000,"['Internal Medicine Specialist, General Physician, Rheumatologist, Diabetologist']"
6930b2a7fa8a4a28b0bba454,,,Karachi,,,https://www.marham.pk/hospitals/karachi/metropolis-health-clinics/clifton,Dr. Ahmed Bin Khalid Khan,marham,https://www.marham.pk/doctors/karachi/dentist/dr-ahmed-bin-khalid-khan,,2025-12-03 21:59:03.415000,"['Dentist, Cosmetic Dentist, Periodontist']"
6930b2a7fa8a4a28b0bba455,,,Karachi,,,https://www.marham.pk/hospitals/karachi/metropolis-health-clinics/clifton,Dr. Zeeshan Ali Arbab,marham,https://www.marham.pk/doctors/karachi/orthopedic-surgeon/dr-zeeshan-ali-arbab,,2025-12-03 21:59:03.419000,['Orthopedic Surgeon']
6930b2a7fa8a4a28b0bba456,,,Karachi,,,https://www.marham.pk/hospitals/karachi/metropolis-health-clinics/clifton,Dr. Dost Muhammad,marham,https://www.marham.pk/doctors/karachi/psychiatrist/dr-dost-muhammad,,2025-12-03 21:59:03.423000,['Psychiatrist']
6930b2a7fa8a4a28b0bba457,,,Karachi,,,https://www.marham.pk/hospitals/karachi/metropolis-health-clinics/clifton,Ms. Sadia Shafaq,marham,https://www.marham.pk/doctors/karachi/physiotherapist/ms-sadia-shafaq,,2025-12-03 21:59:03.427000,"['Physiotherapist, Rehabilitation Medicine']"
6930b2a7fa8a4a28b0bba458,,,Karachi,,,https://www.marham.pk/hospitals/karachi/metropolis-health-clinics/clifton,Dr. Murtaza Azad,marham,https://www.marham.pk/doctors/karachi/urologist/dr-murtaza-azad,,2025-12-03 21:59:03.430000,"['Urologist, Pediatric Urologist, Sexologist']"
6930b2a7fa8a4a28b0bba459,,,Karachi,,,https://www.marham.pk/hospitals/karachi/metropolis-health-clinics/clifton,Dr. Sonia Poshni,marham,https://www.marham.pk/doctors/karachi/gynecologist/dr-sonia-poshni,,2025-12-03 21:59:03.435000,"['Gynecologist, Fertility Consultant, Obstetrician']"
6930b2a7fa8a4a28b0bba45a,,,Karachi,,,https://www.marham.pk/hospitals/karachi/metropolis-health-clinics/clifton,Dr. Naureen Kazim,marham,https://www.marham.pk/doctors/karachi/family-medicine/dr-naureen-kazim,,2025-12-03 21:59:03.439000,"['Family Medicine, Asthma Specialist, Hypertension Specialist']"
6930b2a7fa8a4a28b0bba45b,,,Karachi,,,https://www.marham.pk/hospitals/karachi/metropolis-health-clinics/clifton,Dr. M. Shoaib Nasir,marham,https://www.marham.pk/doctors/karachi/radiologist/dr-m-shoaib-nasir,,2025-12-03 21:59:03.442000,"['Radiologist, Interventional Radiologist, Sonologist']"
6930b2a7fa8a4a28b0bba45c,,,Karachi,,,https://www.marham.pk/hospitals/karachi/metropolis-health-clinics/clifton,Dr. Sarosh Kamal,marham,https://www.marham.pk/doctors/karachi/general-physician/dr-sarosh-kamal,,2025-12-03 21:59:03.445000,"['General Physician, Primary Care Physician']"
6930b2a7fa8a4a28b0bba45d,,,Karachi,,,https://www.marham.pk/hospitals/karachi/metropolis-health-clinics/clifton,Dr. Huma Imran Ahmed,marham,https://www.marham.pk/doctors/karachi/gynecologist/dr-huma-imran-ahmed,,2025-12-03 21:59:03.451000,"['Gynecologist, Fertility Consultant, Obstetrician']"
6930b2a7fa8a4a28b0bba45e,,,Karachi,,,https://www.marham.pk/hospitals/karachi/metropolis-health-clinics/clifton,Prof. S. Nosheen Zehra,marham,https://www.marham.pk/doctors/karachi/internal-medicine/prof-s-nosheen-zehra,,2025-12-03 21:59:03.458000,"['Internal Medicine Specialist, Medical Specialist']"
6930b2a7fa8a4a28b0bba45f,,,Karachi,34 Yrs,,https://www.marham.pk/hospitals/karachi/metropolis-health-clinics/clifton,Dr. Noor A. Shaikh,marham,https://www.marham.pk/doctors/karachi/ent-specialist/dr-noor-a-shaikh,,2025-12-03 21:59:03.464000,"['Ent Specialist, Thyroid Surgeon']"
6930b2a7fa8a4a28b0bba460,,,Karachi,,,https://www.marham.pk/hospitals/karachi/metropolis-health-clinics/clifton,Dr. S Masood Ul Hasan,marham,https://www.marham.pk/doctors/karachi/restorative-dentist/dr-s-masood-ul-hasan,,2025-12-03 21:59:03.469000,"['Restorative Dentist, Dentist, Endodontist']"
6930b2a7fa8a4a28b0bba461,,,Karachi,,,https://www.marham.pk/hospitals/karachi/metropolis-health-clinics/clifton,Dr. Syed Azfer Husain,marham,https://www.marham.pk/doctors/karachi/pulmonologist/dr-syed-azfer-husain,,2025-12-03 21:59:03.473000,"['Pulmonologist / Lung Specialist, Family Medicine, Thoracic Surgeon']"
6930b2a7fa8a4a28b0bba462,,,Karachi,,,https://www.marham.pk/hospitals/karachi/metropolis-health-clinics/clifton,Dr. Saba Tabassum,marham,https://www.marham.pk/doctors/karachi/dentist/dr-saba-tabassum,,2025-12-03 21:59:03.478000,"['Dentist, Oral and Maxillofacial Surgeon']"
6930b2a7fa8a4a28b0bba463,,,Karachi,,,https://www.marham.pk/hospitals/karachi/metropolis-health-clinics/clifton,Dr. Naveed Ahmed Shaikh,marham,https://www.marham.pk/doctors/karachi/cardiologist/dr-naveed-ahmed-shaikh,,2025-12-03 21:59:03.484000,"['Cardiologist, General Physician, Internal Medicine Specialist']"
6930b2a7fa8a4a28b0bba464,,,Karachi,,,https://www.marham.pk/hospitals/karachi/metropolis-health-clinics/clifton,Dr. Fouzia Rasool Memon,marham,https://www.marham.pk/doctors/karachi/gynecologist/dr-fouzia-rasool-memon,,2025-12-03 21:59:03.490000,"['Gynecologist, Fertility Consultant, Obstetrician']"
6930b2a7fa8a4a28b0bba465,,,Karachi,,,https://www.marham.pk/hospitals/karachi/metropolis-health-clinics/clifton,Dr. Asma Ansari,marham,https://www.marham.pk/doctors/karachi/dermatologist/dr-asma-ansari,,2025-12-03 21:59:03.494000,"['Dermatologist, Cosmetologist']"
6930b44cc38ecb697ef12a3a,,,Karachi,10 Yrs,,https://www.marham.pk/hospitals/karachi/lyfe-healthcare-hospital/adamjee-nagar-society-block-a,Dr. Azaan Abdullah,marham,https://www.marham.pk/doctors/karachi/psychiatrist/dr-azaan-abdullah,,2025-12-03 22:06:04.612000,['Psychiatrist']
6930b44cc38ecb697ef12a3b,,,Karachi,25 Yrs,,https://www.marham.pk/hospitals/karachi/lyfe-healthcare-hospital/adamjee-nagar-society-block-a,Dr. Iqbal Khemane,marham,https://www.marham.pk/doctors/karachi/psychiatrist/dr-iqbal-khemane,,2025-12-03 22:06:04.617000,"['Psychiatrist, Psychologist']"
6930b44cc38ecb697ef12a3c,,,Karachi,10 Yrs,,https://www.marham.pk/hospitals/karachi/lyfe-healthcare-hospital/adamjee-nagar-society-block-a,Prof. Dr. Muhammad Adnan Kanpurwala,marham,https://www.marham.pk/doctors/karachi/endocrinologist/prof-dr-muhammad-adnan-kanpurwala,,2025-12-03 22:06:04.625000,"['Endocrinologist, Diabetologist, Family Medicine']"
6930b44cc38ecb697ef12a3d,,,Karachi,8 Yrs,,https://www.marham.pk/hospitals/karachi/lyfe-healthcare-hospital/adamjee-nagar-society-block-a,Dr. Nazia Shakeel,marham,https://www.marham.pk/doctors/karachi/dermatologist/dr-nazia-shakeel,,2025-12-03 22:06:04.630000,['Dermatologist']
6930b44cc38ecb697ef12a3e,,,Karachi,15 Yrs,,https://www.marham.pk/hospitals/karachi/lyfe-healthcare-hospital/adamjee-nagar-society-block-a,Dr. Zeehan Naeem,marham,https://www.marham.pk/doctors/karachi/orthopedic-surgeon/dr-zeehan-naeem,,2025-12-03 22:06:04.635000,['Orthopedic Surgeon']
6930b44cc38ecb697ef12a3f,,,Karachi,28 Yrs,,https://www.marham.pk/hospitals/karachi/lyfe-healthcare-hospital/adamjee-nagar-society-block-a,Prof. Dr. Fareya Usmani,marham,https://www.marham.pk/doctors/karachi/general-surgeon/prof-dr-fareya-usmani,,2025-12-03 22:06:04.640000,['General Surgeon']
6930b46dc38ecb697ef12a40,,,Karachi,13 Yrs,,https://www.marham.pk/hospitals/karachi/mumtaz-hospital/north-nazimabad,Dr. Muhammad Paras Naseem,marham,https://www.marham.pk/doctors/karachi/ent-specialist/dr-muhammad-paras-naseem,,2025-12-03 22:06:37.812000,['Ent Specialist']
6930b46dc38ecb697ef12a41,,,Karachi,12 Yrs,,https://www.marham.pk/hospitals/karachi/mumtaz-hospital/north-nazimabad,Dr. Mohsin,marham,https://www.marham.pk/doctors/karachi/internal-medicine/dr-mohsin,,2025-12-03 22:06:37.817000,['Internal Medicine Specialist']
6930b46dc38ecb697ef12a42,,,Karachi,19 Yrs,,https://www.marham.pk/hospitals/karachi/mumtaz-hospital/north-nazimabad,Asst. Prof. Dr. Rafey Ahmad Jameel,marham,https://www.marham.pk/doctors/karachi/dentist/asst-prof-dr-rafey-ahmad-jameel,,2025-12-03 22:06:37.819000,['Dentist']
6930b46dc38ecb697ef12a43,,,Karachi,3 Yrs,,https://www.marham.pk/hospitals/karachi/mumtaz-hospital/north-nazimabad,Dr. Momina Farhan Pt,marham,https://www.marham.pk/doctors/karachi/physiotherapist/dr-momina-farhan-pt,,2025-12-03 22:06:37.823000,['Physiotherapist']
6930b46dc38ecb697ef12a44,,,Karachi,,,https://www.marham.pk/hospitals/karachi/mumtaz-hospital/north-nazimabad,Dr. Saima Javed Rajput,marham,https://www.marham.pk/doctors/karachi/physiotherapist/dr-saima-javed-rajput,,2025-12-03 22:06:37.828000,['Physiotherapist']
6930b46dc38ecb697ef12a45,,,Karachi,,,https://www.marham.pk/hospitals/karachi/mumtaz-hospital/north-nazimabad,Dr. Zahid Kareem,marham,https://www.marham.pk/doctors/karachi/alternative-medicine-practitioner/dr-zahid-kareem,,2025-12-03 22:06:37.833000,['Alternative Medicine Practitioner']
6930b46dc38ecb697ef12a46,,,Karachi,,,https://www.marham.pk/hospitals/karachi/mumtaz-hospital/north-nazimabad,Ms. Areeba Rizwan,marham,https://www.marham.pk/doctors/karachi/nutritionist/ms-areeba-rizwan,,2025-12-03 22:06:37.837000,['Nutritionist']
6930b46dc38ecb697ef12a47,,,Karachi,,,https://www.marham.pk/hospitals/karachi/mumtaz-hospital/north-nazimabad,Dr. Ehsanullah Chowdri,marham,https://www.marham.pk/doctors/karachi/cardiologist/dr-ehsanullah-chowdri,,2025-12-03 22:06:37.840000,['Cardiologist']
6930b46dc38ecb697ef12a48,,,Karachi,,,https://www.marham.pk/hospitals/karachi/mumtaz-hospital/north-nazimabad,Dr. Tahira Meer,marham,https://www.marham.pk/doctors/karachi/dermatologist/dr-tahira-meer,,2025-12-03 22:06:37.844000,"['Dermatologist, Cosmetologist']"
6930b46dc38ecb697ef12a49,,,Karachi,,,https://www.marham.pk/hospitals/karachi/mumtaz-hospital/north-nazimabad,Dr. Qamar Jehan,marham,https://www.marham.pk/doctors/karachi/pediatrician/dr-qamar-jehan,,2025-12-03 22:06:37.846000,['Pediatrician']
6930b46dc38ecb697ef12a4a,,,Karachi,,,https://www.marham.pk/hospitals/karachi/mumtaz-hospital/north-nazimabad,Dr. Mir M. Soomro,marham,https://www.marham.pk/doctors/karachi/pulmonologist/dr-mir-m-soomro,,2025-12-03 22:06:37.848000,['Pulmonologist / Lung Specialist']
6930b46dc38ecb697ef12a4b,,,Karachi,,,https://www.marham.pk/hospitals/karachi/mumtaz-hospital/north-nazimabad,Dr. Nasreen Yousaf,marham,https://www.marham.pk/doctors/karachi/gynecologist/dr-nasreen-yousaf,,2025-12-03 22:06:37.851000,"['Gynecologist, Obstetrician']"
6930b46dc38ecb697ef12a4c,,,Karachi,,,https://www.marham.pk/hospitals/karachi/mumtaz-hospital/north-nazimabad,Dr. Pershotam Chillani,marham,https://www.marham.pk/doctors/karachi/physiotherapist/dr-pershotam-chillani,,2025-12-03 22:06:37.853000,['Physiotherapist']
6930b46dc38ecb697ef12a4d,,,Karachi,,,https://www.marham.pk/hospitals/karachi/mumtaz-hospital/north-nazimabad,Dr. Shabnam Shamim Asim,marham,https://www.marham.pk/doctors/karachi/gynecologist/dr-shabnam-shamim-asim,,2025-12-03 22:06:37.855000,"['Gynecologist, Obstetrician']"
6930b46dc38ecb697ef12a4e,,,Karachi,,,https://www.marham.pk/hospitals/karachi/mumtaz-hospital/north-nazimabad,Dr. Sadia Zafar Alvi,marham,https://www.marham.pk/doctors/karachi/dermatologist/dr-sadia-zafar-alvi,,2025-12-03 22:06:37.858000,"['Dermatologist, Cosmetologist']"
6930b46dc38ecb697ef12a4f,,,Karachi,,,https://www.marham.pk/hospitals/karachi/mumtaz-hospital/north-nazimabad,Dr. Rafey Ahmad Jameel,marham,https://www.marham.pk/doctors/karachi/dentist/dr-rafey-ahmad-jameel,,2025-12-03 22:06:37.860000,['Dentist']
6930b46dc38ecb697ef12a50,,,Karachi,,,https://www.marham.pk/hospitals/karachi/mumtaz-hospital/north-nazimabad,Dr. Imran Mehmood,marham,https://www.marham.pk/doctors/karachi/internal-medicine/dr-imran-mehmood,,2025-12-03 22:06:37.861000,"['Internal Medicine Specialist, Family Medicine, Medical Specialist']"
6930b46dc38ecb697ef12a51,,,Karachi,,,https://www.marham.pk/hospitals/karachi/mumtaz-hospital/north-nazimabad,Dr. Muhammad Kamil,marham,https://www.marham.pk/doctors/karachi/internal-medicine/dr-muhammad-kamil,,2025-12-03 22:06:37.865000,"['Internal Medicine Specialist, Diabetologist, Family Medicine']"
6930b46dc38ecb697ef12a52,,,Karachi,,,https://www.marham.pk/hospitals/karachi/mumtaz-hospital/north-nazimabad,Dr. Sadia Alvi,marham,https://www.marham.pk/doctors/karachi/dermatologist/dr-sadia-alvi,,2025-12-03 22:06:37.867000,['Dermatologist']
6930b46dc38ecb697ef12a53,,,Karachi,,,https://www.marham.pk/hospitals/karachi/mumtaz-hospital/north-nazimabad,Dr. Ayesha Zia,marham,https://www.marham.pk/doctors/karachi/gastroenterologist/dr-ayesha-zia,,2025-12-03 22:06:37.870000,['Gastroenterologist']
6930b48fc38ecb697ef12a54,,,Karachi,8 Yrs,,https://www.marham.pk/hospitals/karachi/pak-international-hospital/dha-city-karachi,Asst. Prof. Dr. Adil Hassan,marham,https://www.marham.pk/doctors/karachi/gastroenterologist/asst-prof-dr-adil-hassan,,2025-12-03 22:07:11.698000,['Gastroenterologist']
6930b48fc38ecb697ef12a55,,,Karachi,15 Yrs,,https://www.marham.pk/hospitals/karachi/pak-international-hospital/dha-city-karachi,Assoc. Prof. Dr. Irfan Ahmed Shaikh,marham,https://www.marham.pk/doctors/karachi/ent-specialist/assoc-prof-dr-irfan-ahmed-shaikh,,2025-12-03 22:07:11.702000,['Ent Specialist']
6930b48fc38ecb697ef12a56,,,Karachi,7 Yrs,,https://www.marham.pk/hospitals/karachi/pak-international-hospital/dha-city-karachi,Dr. Mumtaz Ali,marham,https://www.marham.pk/doctors/karachi/cardiologist/dr-mumtaz-ali,,2025-12-03 22:07:11.706000,['Cardiologist']
6930b48fc38ecb697ef12a57,,,Karachi,37 Yrs,,https://www.marham.pk/hospitals/karachi/pak-international-hospital/dha-city-karachi,Prof. Dr. Sohail A Malik Qureshi,marham,https://www.marham.pk/doctors/karachi/ent-surgeon/prof-dr-sohail-a-malik-qureshi,,2025-12-03 22:07:11.713000,['Ent Surgeon']
6930b48fc38ecb697ef12a58,,,Karachi,19 Yrs,,https://www.marham.pk/hospitals/karachi/pak-international-hospital/dha-city-karachi,Dr. Santosh Kumar,marham,https://www.marham.pk/doctors/karachi/neuro-physician/dr-santosh-kumar,,2025-12-03 22:07:11.719000,['Neurologist']
6930b48fc38ecb697ef12a59,,,Karachi,9 Yrs,,https://www.marham.pk/hospitals/karachi/pak-international-hospital/dha-city-karachi,Dr. Shehla Ahmed,marham,https://www.marham.pk/doctors/karachi/dermatologist/dr-shehla-ahmed,,2025-12-03 22:07:11.724000,['Dermatologist']
6930b48fc38ecb697ef12a5a,,,Karachi,10 Yrs,,https://www.marham.pk/hospitals/karachi/pak-international-hospital/dha-city-karachi,Dr. Samina Ayaz,marham,https://www.marham.pk/doctors/karachi/gynecologist/dr-samina-ayaz,,2025-12-03 22:07:11.727000,['Gynecologist']
6930b48fc38ecb697ef12a5b,,,Karachi,20 Yrs,,https://www.marham.pk/hospitals/karachi/pak-international-hospital/dha-city-karachi,Assoc. Prof. Dr. Tanveer Ahmed,marham,https://www.marham.pk/doctors/karachi/general-surgeon/assoc-prof-dr-tanveer-ahmed,,2025-12-03 22:07:11.730000,['General Surgeon']
6930b48fc38ecb697ef12a5c,,,Karachi,7 Yrs,,https://www.marham.pk/hospitals/karachi/pak-international-hospital/dha-city-karachi,Dr. Zahoor Hussain,marham,https://www.marham.pk/doctors/karachi/pulmonologist/dr-zahoor-hussain,,2025-12-03 22:07:11.734000,['Pulmonologist / Lung Specialist']
6930b48fc38ecb697ef12a5d,,,Karachi,25 Yrs,,https://www.marham.pk/hospitals/karachi/pak-international-hospital/dha-city-karachi,Dr. Hammad Hanif,marham,https://www.marham.pk/doctors/karachi/general-surgeon/dr-hammad-hanif,,2025-12-03 22:07:11.737000,['General Surgeon']
6930b48fc38ecb697ef12a5e,,,Karachi,19 Yrs,,https://www.marham.pk/hospitals/karachi/pak-international-hospital/dha-city-karachi,Dr. Balram Das,marham,https://www.marham.pk/doctors/karachi/pediatrician/dr-balram-das,,2025-12-03 22:07:11.738000,['Pediatrician']
6930b48fc38ecb697ef12a5f,,,Karachi,,,https://www.marham.pk/hospitals/karachi/pak-international-hospital/dha-city-karachi,Dr. Lajpat Rai,marham,https://www.marham.pk/doctors/karachi/general-surgeon/dr-lajpat-rai,,2025-12-03 22:07:11.741000,['General Surgeon']
6930b48fc38ecb697ef12a60,,,Karachi,9 Yrs,,https://www.marham.pk/hospitals/karachi/pak-international-hospital/dha-city-karachi,Dr. Sajjad Ali,marham,https://www.marham.pk/doctors/karachi/orthopedic-surgeon/dr-sajjad-ali,,2025-12-03 22:07:11.744000,['Orthopedic Surgeon']
6930b48fc38ecb697ef12a61,,,Karachi,7 Yrs,,https://www.marham.pk/hospitals/karachi/pak-international-hospital/dha-city-karachi,Asst. Prof. Dr. Farooque Ahmed,marham,https://www.marham.pk/doctors/karachi/urologist/asst-prof-dr-farooque-ahmed,,2025-12-03 22:07:11.748000,['Urologist']
6930b48fc38ecb697ef12a62,,,Karachi,12 Yrs,,https://www.marham.pk/hospitals/karachi/pak-international-hospital/dha-city-karachi,Dr. Ghulam Shabir,marham,https://www.marham.pk/doctors/karachi/plastic-surgeon/dr-ghulam-shabir,,2025-12-03 22:07:11.750000,['Plastic Surgeon']
6930b48fc38ecb697ef12a63,,,Karachi,100%,,https://www.marham.pk/hospitals/karachi/pak-international-hospital/dha-city-karachi,Dr. Abdul Majid,marham,https://www.marham.pk/doctors/karachi/internal-medicine/dr-abdul-majid,,2025-12-03 22:07:11.753000,['Internal Medicine Specialist']
6930b48fc38ecb697ef12a64,,,Karachi,22 Yrs,,https://www.marham.pk/hospitals/karachi/pak-international-hospital/dha-city-karachi,Dr. Shazia Aftab,marham,https://www.marham.pk/doctors/karachi/gynecologist/dr-shazia-aftab,,2025-12-03 22:07:11.755000,['Gynecologist']
6930b48fc38ecb697ef12a65,,,Karachi,12 Yrs,,https://www.marham.pk/hospitals/karachi/pak-international-hospital/dha-city-karachi,Dr. Saba Khan,marham,https://www.marham.pk/doctors/karachi/gynecologist/dr-saba-khan,,2025-12-03 22:07:11.757000,['Gynecologist']
6930b48fc38ecb697ef12a66,,,Karachi,24 Yrs,,https://www.marham.pk/hospitals/karachi/pak-international-hospital/dha-city-karachi,Asst. Prof. Dr. Khalil Ur Rehman,marham,https://www.marham.pk/doctors/karachi/general-physician/asst-prof-dr-khalil-ur-rehman,,2025-12-03 22:07:11.760000,['General Physician']
6930b48fc38ecb697ef12a67,,,Karachi,18 Yrs,,https://www.marham.pk/hospitals/karachi/pak-international-hospital/dha-city-karachi,Prof. Dr. Asha Mahesh,marham,https://www.marham.pk/doctors/karachi/gynecologist/prof-dr-asha-mahesh,,2025-12-03 22:07:11.762000,['Gynecologist']
6930b48fc38ecb697ef12a68,,,Karachi,,,https://www.marham.pk/hospitals/karachi/pak-international-hospital/dha-city-karachi,Ehtesham Ullah Khan,marham,https://www.marham.pk/doctors/karachi/physiotherapist/ehtesham-ullah-khan,,2025-12-03 22:07:11.765000,['Physiotherapist']
6930b48fc38ecb697ef12a69,,,Karachi,,,https://www.marham.pk/hospitals/karachi/pak-international-hospital/dha-city-karachi,Ms. Nida Khurram,marham,https://www.marham.pk/doctors/karachi/occupational-therapist/ms-nida-khurram,,2025-12-03 22:07:11.767000,['Occupational Therapist']
6930b48fc38ecb697ef12a6a,,,Karachi,28 Yrs,,https://www.marham.pk/hospitals/karachi/pak-international-hospital/dha-city-karachi,Dr. Jennifer Benita,marham,https://www.marham.pk/doctors/karachi/gynecologist/dr-jennifer-benita,,2025-12-03 22:07:11.769000,['Gynecologist']
6930b48fc38ecb697ef12a6b,,,Karachi,27 Yrs,,https://www.marham.pk/hospitals/karachi/pak-international-hospital/dha-city-karachi,Prof. Dr. Hassan Dost Afridi,marham,https://www.marham.pk/doctors/karachi/orthopedic-surgeon/prof-dr-hassan-dost-afridi,,2025-12-03 22:07:11.772000,['Orthopedic Surgeon']
6930b48fc38ecb697ef12a6c,,,Karachi,,,https://www.marham.pk/hospitals/karachi/pak-international-hospital/dha-city-karachi,Dr. Santosh Kumar Pamnani,marham,https://www.marham.pk/doctors/karachi/neuro-physician/dr-santosh-kumar-pamnani,,2025-12-03 22:07:11.774000,['Neurologist']
6930b48fc38ecb697ef12a6d,,,Karachi,,,https://www.marham.pk/hospitals/karachi/pak-international-hospital/dha-city-karachi,Dr. Sumera Nawaz,marham,https://www.marham.pk/doctors/karachi/internal-medicine/dr-sumera-nawaz,,2025-12-03 22:07:11.776000,"['Internal Medicine Specialist, Family Medicine, Medical Specialist']"
6930b48fc38ecb697ef12a6e,,,Karachi,,,https://www.marham.pk/hospitals/karachi/pak-international-hospital/dha-city-karachi,Dr. Atif Iqbal Khan,marham,https://www.marham.pk/doctors/karachi/cardiologist/dr-atif-iqbal-khan,,2025-12-03 22:07:11.778000,['Cardiologist']
6930b48fc38ecb697ef12a6f,,,Karachi,,,https://www.marham.pk/hospitals/karachi/pak-international-hospital/dha-city-karachi,Dr. Ghulam Shabbir,marham,https://www.marham.pk/doctors/karachi/plastic-surgeon/dr-ghulam-shabbir,,2025-12-03 22:07:11.780000,"['Plastic Surgeon, Cosmetic Surgeon, Hand Surgeon']"
6930b48fc38ecb697ef12a70,,,Karachi,,,https://www.marham.pk/hospitals/karachi/pak-international-hospital/dha-city-karachi,Dr. Farooq Ahmed,marham,https://www.marham.pk/doctors/karachi/urologist/dr-farooq-ahmed,,2025-12-03 22:07:11.782000,['Urologist']
6930b48fc38ecb697ef12a71,,,Karachi,,,https://www.marham.pk/hospitals/karachi/pak-international-hospital/dha-city-karachi,Dr. Khalid Hussain Soomro,marham,https://www.marham.pk/doctors/karachi/cardiologist/dr-khalid-hussain-soomro,,2025-12-03 22:07:11.784000,['Cardiologist']
6930b48fc38ecb697ef12a72,,,Karachi,,,https://www.marham.pk/hospitals/karachi/pak-international-hospital/dha-city-karachi,Prof. Dr. M. Iqbal Afridi,marham,https://www.marham.pk/doctors/karachi/psychiatrist/prof-dr-m-iqbal-afridi,,2025-12-03 22:07:11.786000,['Psychiatrist']
6930b48fc38ecb697ef12a73,,,Karachi,,,https://www.marham.pk/hospitals/karachi/pak-international-hospital/dha-city-karachi,Prof. Dr. Almas Uddin Qazi,marham,https://www.marham.pk/doctors/karachi/general-surgeon/prof-dr-almas-uddin-qazi,,2025-12-03 22:07:11.788000,"['General Surgeon, Laparoscopic Surgeon']"
6930b48fc38ecb697ef12a74,,,Karachi,,,https://www.marham.pk/hospitals/karachi/pak-international-hospital/dha-city-karachi,Dr. Razia Nasir,marham,https://www.marham.pk/doctors/karachi/gynecologist/dr-razia-nasir,,2025-12-03 22:07:11.790000,"['Gynecologist, Obstetrician']"
6930b48fc38ecb697ef12a75,,,Karachi,,,https://www.marham.pk/hospitals/karachi/pak-international-hospital/dha-city-karachi,Dr. Khalil Ur Rehman,marham,https://www.marham.pk/doctors/karachi/internal-medicine/dr-khalil-ur-rehman,,2025-12-03 22:07:11.792000,"['Internal Medicine Specialist, Hypertension Specialist, Medical Specialist']"
6930b48fc38ecb697ef12a76,,,Karachi,,,https://www.marham.pk/hospitals/karachi/pak-international-hospital/dha-city-karachi,Assoc. Prof. Dr. Tanveer Ahmad,marham,https://www.marham.pk/doctors/karachi/thoracic-surgeon/assoc-prof-dr-tanveer-ahmad,,2025-12-03 22:07:11.794000,"['Thoracic Surgeon, General Surgeon']"
6930b48fc38ecb697ef12a77,,,Karachi,,,https://www.marham.pk/hospitals/karachi/pak-international-hospital/dha-city-karachi,Prof. Dr. Sohail Abdul Malik,marham,https://www.marham.pk/doctors/karachi/ent-specialist/prof-dr-sohail-abdul-malik,,2025-12-03 22:07:11.798000,"['Ent Specialist, ENT Surgeon']"
6930b48fc38ecb697ef12a78,,,Karachi,,,https://www.marham.pk/hospitals/karachi/pak-international-hospital/dha-city-karachi,Dr. M Ayub Baloch,marham,https://www.marham.pk/doctors/karachi/psychiatrist/dr-m-ayub-baloch,,2025-12-03 22:07:11.800000,['Psychiatrist']
6930b48fc38ecb697ef12a79,,,Karachi,,,https://www.marham.pk/hospitals/karachi/pak-international-hospital/dha-city-karachi,Dr. Saeed Ahmed Shaikh,marham,https://www.marham.pk/doctors/karachi/orthopedic-surgeon/dr-saeed-ahmed-shaikh,,2025-12-03 22:07:11.802000,['Orthopedic Surgeon']
6930b48fc38ecb697ef12a7a,,,Karachi,,,https://www.marham.pk/hospitals/karachi/pak-international-hospital/dha-city-karachi,Dr. Khuda Bux,marham,https://www.marham.pk/doctors/karachi/urologist/dr-khuda-bux,,2025-12-03 22:07:11.804000,['Urologist']
6930b4b1c38ecb697ef12a7b,,,Karachi,3 Yrs,,https://www.marham.pk/hospitals/karachi/taj-specialist-clinic/ma-jinnah-road,Dr. Atta Ullah Mahar,marham,https://www.marham.pk/doctors/karachi/general-surgeon/dr-atta-ullah-mahar,,2025-12-03 22:07:45.305000,['General Surgeon']
6930b4b1c38ecb697ef12a7c,,,Karachi,2 Yrs,,https://www.marham.pk/hospitals/karachi/taj-specialist-clinic/ma-jinnah-road,Dr. Farhan Haleem,marham,https://www.marham.pk/doctors/karachi/gastroenterologist/dr-farhan-haleem,,2025-12-03 22:07:45.310000,['Gastroenterologist']
6930b4b1c38ecb697ef12a7d,,,Karachi,7 Yrs,,https://www.marham.pk/hospitals/karachi/taj-specialist-clinic/ma-jinnah-road,Dr. Danish Shakeel,marham,https://www.marham.pk/doctors/karachi/hematologist/dr-danish-shakeel,,2025-12-03 22:07:45.313000,['Hematologist']
6930b4b1c38ecb697ef12a7e,,,Karachi,,,https://www.marham.pk/hospitals/karachi/taj-specialist-clinic/ma-jinnah-road,Dr. Ataullah Mahar,marham,https://www.marham.pk/doctors/karachi/general-surgeon/dr-ataullah-mahar,,2025-12-03 22:07:45.316000,"['General Surgeon, Laparoscopic Surgeon']"
6930b4b1c38ecb697ef12a7f,,,Karachi,,,https://www.marham.pk/hospitals/karachi/taj-specialist-clinic/ma-jinnah-road,Dr. Mujeeb Rehman,marham,https://www.marham.pk/doctors/karachi/pediatrician/dr-mujeeb-rehman,,2025-12-03 22:07:45.321000,['Pediatrician']
6930b4cbc38ecb697ef12a80,,,Karachi,20 Yrs,,https://www.marham.pk/hospitals/karachi/k-health-care-hospital/off-shahrah-e-faisal,Asst. Prof. Dr. Muhammad Hanif,marham,https://www.marham.pk/doctors/karachi/pediatrician/asst-prof-dr-muhammad-hanif,,2025-12-03 22:08:11.231000,['Pediatrician']
6930b4cbc38ecb697ef12a81,,,Karachi,34 Yrs,,https://www.marham.pk/hospitals/karachi/k-health-care-hospital/off-shahrah-e-faisal,Dr. Agha Jan Muhammad,marham,https://www.marham.pk/doctors/karachi/general-surgeon/dr-agha-jan-muhammad,,2025-12-03 22:08:11.235000,['General Surgeon']
6930b4cbc38ecb697ef12a82,,,Karachi,10 Yrs,,https://www.marham.pk/hospitals/karachi/k-health-care-hospital/off-shahrah-e-faisal,Asst. Prof. Dr. Jagdesh Kumar,marham,https://www.marham.pk/doctors/karachi/pulmonologist/asst-prof-dr-jagdesh-kumar,,2025-12-03 22:08:11.239000,['Pulmonologist / Lung Specialist']
6930b4cbc38ecb697ef12a83,,,Karachi,24 Yrs,,https://www.marham.pk/hospitals/karachi/k-health-care-hospital/off-shahrah-e-faisal,Assoc. Prof. Dr. Saif Ullah Shaikh,marham,https://www.marham.pk/doctors/karachi/diabetologist/assoc-prof-dr-saif-ullah-shaikh,,2025-12-03 22:08:11.242000,['Diabetologist']
6930b4cbc38ecb697ef12a84,,,Karachi,9 Yrs,,https://www.marham.pk/hospitals/karachi/k-health-care-hospital/off-shahrah-e-faisal,Dr. Faizan Khalid,marham,https://www.marham.pk/doctors/karachi/regenerative-medicine-specialist/dr-faizan-khalid,,2025-12-03 22:08:11.246000,"['Regenerative Medicine Specialist, General Physician']"
6930b4cbc38ecb697ef12a85,,,Karachi,,,https://www.marham.pk/hospitals/karachi/k-health-care-hospital/off-shahrah-e-faisal,Dr. Jameel Somroo,marham,https://www.marham.pk/doctors/karachi/family-medicine/dr-jameel-somroo,,2025-12-03 22:08:11.250000,['Family Medicine']
6930b4cbc38ecb697ef12a86,,,Karachi,100%,,https://www.marham.pk/hospitals/karachi/k-health-care-hospital/off-shahrah-e-faisal,Dr. Naimat Ullah,marham,https://www.marham.pk/doctors/karachi/diabetologist/dr-naimat-ullah,,2025-12-03 22:08:11.254000,['Diabetologist']
6930b4cbc38ecb697ef12a87,,,Karachi,,,https://www.marham.pk/hospitals/karachi/k-health-care-hospital/off-shahrah-e-faisal,Dr. Aysha Sultan,marham,https://www.marham.pk/doctors/karachi/pediatrician/dr-aysha-sultan,,2025-12-03 22:08:11.259000,['Pediatrician']
6930b4cbc38ecb697ef12a88,,,Karachi,36 Yrs,,https://www.marham.pk/hospitals/karachi/k-health-care-hospital/off-shahrah-e-faisal,Dr. Ghulam Raza,marham,https://www.marham.pk/doctors/karachi/pediatrician/dr-ghulam-raza,,2025-12-03 22:08:11.264000,['Pediatrician']
6930b4cbc38ecb697ef12a89,,,Karachi,16 Yrs,,https://www.marham.pk/hospitals/karachi/k-health-care-hospital/off-shahrah-e-faisal,Dr. Sharif Jan,marham,https://www.marham.pk/doctors/karachi/neuro-psychiatrist/dr-sharif-jan,,2025-12-03 22:08:11.268000,['Neuro Psychiatrist']
6930b4cbc38ecb697ef12a8a,,,Karachi,,,https://www.marham.pk/hospitals/karachi/k-health-care-hospital/off-shahrah-e-faisal,Dr. Rizwan,marham,https://www.marham.pk/doctors/karachi/plastic-surgeon/dr-rizwan,,2025-12-03 22:08:11.275000,['Plastic Surgeon']
6930b4cbc38ecb697ef12a8b,,,Karachi,,,https://www.marham.pk/hospitals/karachi/k-health-care-hospital/off-shahrah-e-faisal,Dr. Paras Nadeem,marham,https://www.marham.pk/doctors/karachi/gynecologist/dr-paras-nadeem,,2025-12-03 22:08:11.281000,['Gynecologist']
6930b4cbc38ecb697ef12a8c,,,Karachi,,,https://www.marham.pk/hospitals/karachi/k-health-care-hospital/off-shahrah-e-faisal,Prof. Dr. Ehmar Al Ibran,marham,https://www.marham.pk/doctors/karachi/plastic-surgeon/prof-dr-ehmar-al-ibran,,2025-12-03 22:08:11.283000,['Plastic Surgeon']
6930b4cbc38ecb697ef12a8d,,,Karachi,7 Yrs,,https://www.marham.pk/hospitals/karachi/k-health-care-hospital/off-shahrah-e-faisal,Dr. Hina Mustafa,marham,https://www.marham.pk/doctors/karachi/chest-respiratory-specialist/dr-hina-mustafa,,2025-12-03 22:08:11.289000,['Chest Respiratory Specialist']
6930b4cbc38ecb697ef12a8e,,,Karachi,22 Yrs,,https://www.marham.pk/hospitals/karachi/k-health-care-hospital/off-shahrah-e-faisal,Asst. Prof. Dr. Aziz Rehman,marham,https://www.marham.pk/doctors/karachi/medical-specialist/asst-prof-dr-aziz-rehman,,2025-12-03 22:08:11.293000,['Medical Specialist']
6930b4cbc38ecb697ef12a8f,,,Karachi,,,https://www.marham.pk/hospitals/karachi/k-health-care-hospital/off-shahrah-e-faisal,Dr. Abida Bibi,marham,https://www.marham.pk/doctors/karachi/gynecologist/dr-abida-bibi,,2025-12-03 22:08:11.298000,['Gynecologist']
6930b4cbc38ecb697ef12a90,,,Karachi,,,https://www.marham.pk/hospitals/karachi/k-health-care-hospital/off-shahrah-e-faisal,Dr. Muhammad Aadil Pt,marham,https://www.marham.pk/doctors/karachi/physiotherapist/dr-muhammad-aadil-pt,,2025-12-03 22:08:11.302000,['Physiotherapist']
6930b4cbc38ecb697ef12a91,,,Karachi,14 Yrs,,https://www.marham.pk/hospitals/karachi/k-health-care-hospital/off-shahrah-e-faisal,Dr. Vijay Bhojwani,marham,https://www.marham.pk/doctors/karachi/internal-medicine/dr-vijay-bhojwani,,2025-12-03 22:08:11.307000,['Internal Medicine Specialist']
6930b4cbc38ecb697ef12a92,,,Karachi,15 Yrs,,https://www.marham.pk/hospitals/karachi/k-health-care-hospital/off-shahrah-e-faisal,Dr. Poonam Kumari,marham,https://www.marham.pk/doctors/karachi/gynecologist/dr-poonam-kumari,,2025-12-03 22:08:11.310000,['Gynecologist']
6930b4cbc38ecb697ef12a93,,,Karachi,,,https://www.marham.pk/hospitals/karachi/k-health-care-hospital/off-shahrah-e-faisal,Dr. Komal Bashir Pt,marham,https://www.marham.pk/doctors/karachi/physiotherapist/dr-komal-bashir-pt,,2025-12-03 22:08:11.315000,['Physiotherapist']
6930b4cbc38ecb697ef12a94,,,Karachi,3 Yrs,,https://www.marham.pk/hospitals/karachi/k-health-care-hospital/off-shahrah-e-faisal,Dr. Muhammad Aadil,marham,https://www.marham.pk/doctors/karachi/physiotherapist/dr-muhammad-aadil,,2025-12-03 22:08:11.319000,['Physiotherapist']
6930b4cbc38ecb697ef12a95,,,Karachi,,,https://www.marham.pk/hospitals/karachi/k-health-care-hospital/off-shahrah-e-faisal,Dr. Shaheen Ismail,marham,https://www.marham.pk/doctors/karachi/gynecologist/dr-shaheen-ismail,,2025-12-03 22:08:11.324000,['Gynecologist']
6930b4cbc38ecb697ef12a96,,,Karachi,10 Yrs,,https://www.marham.pk/hospitals/karachi/k-health-care-hospital/off-shahrah-e-faisal,Dr. Akhtar Ali,marham,https://www.marham.pk/doctors/karachi/urologist/dr-akhtar-ali,,2025-12-03 22:08:11.328000,['Urologist']
6930b4cbc38ecb697ef12a97,,,Karachi,100%,,https://www.marham.pk/hospitals/karachi/k-health-care-hospital/off-shahrah-e-faisal,Asst. Prof. Dr. Gulafshan Razi,marham,https://www.marham.pk/doctors/karachi/pulmonologist/asst-prof-dr-gulafshan-razi,,2025-12-03 22:08:11.332000,['Pulmonologist / Lung Specialist']
6930b4e0c38ecb697ef12a98,,,Karachi,,,https://www.marham.pk/hospitals/karachi/mumtaz-hospital/north-nazimabad,Dr. Sana Ansar,marham,https://www.marham.pk/doctors/karachi/internal-medicine/dr-sana-ansar,,2025-12-03 22:08:32.216000,['Internal Medicine Specialist']
6930b4e0c38ecb697ef12a99,,,Karachi,,,https://www.marham.pk/hospitals/karachi/mumtaz-hospital/north-nazimabad,Ms. Asma Mashkoor,marham,https://www.marham.pk/doctors/karachi/speech-therapist/ms-asma-mashkoor,,2025-12-03 22:08:32.218000,['Speech Therapist']
6930b4e0c38ecb697ef12a9a,,,Karachi,,,https://www.marham.pk/hospitals/karachi/mumtaz-hospital/north-nazimabad,Dr. Syed Azhar Ali,marham,https://www.marham.pk/doctors/karachi/psychiatrist/dr-syed-azhar-ali,,2025-12-03 22:08:32.221000,['Psychiatrist']
6930b4e0c38ecb697ef12a9b,,,Karachi,,,https://www.marham.pk/hospitals/karachi/mumtaz-hospital/north-nazimabad,Dr. Mahwish Iqbal,marham,https://www.marham.pk/doctors/karachi/nutritional-psychologist/dr-mahwish-iqbal,,2025-12-03 22:08:32.223000,"['Nutritional Psychologist, Fertility Consultant, Gynecologist, Obstetrician']"
6930b4e0c38ecb697ef12a9c,,,Karachi,,,https://www.marham.pk/hospitals/karachi/mumtaz-hospital/north-nazimabad,Dr. M. Asad Siddiqui,marham,https://www.marham.pk/doctors/karachi/pediatrician/dr-m-asad-siddiqui,,2025-12-03 22:08:32.225000,['Pediatrician']
6930b4e0c38ecb697ef12a9d,,,Karachi,,,https://www.marham.pk/hospitals/karachi/mumtaz-hospital/north-nazimabad,Dr. Mohsin Ali Usmani,marham,https://www.marham.pk/doctors/karachi/medical-specialist/dr-mohsin-ali-usmani,,2025-12-03 22:08:32.228000,"['Medical Specialist, General Physician']"
6930b4e0c38ecb697ef12a9e,,,Karachi,,,https://www.marham.pk/hospitals/karachi/mumtaz-hospital/north-nazimabad,Dr. Syed Moid Shibly,marham,https://www.marham.pk/doctors/karachi/pediatrician/dr-syed-moid-shibly,,2025-12-03 22:08:32.230000,['Pediatrician']
6930b4e0c38ecb697ef12a9f,,,Karachi,,,https://www.marham.pk/hospitals/karachi/mumtaz-hospital/north-nazimabad,Dr. Shah Maqbool,marham,https://www.marham.pk/doctors/karachi/dentist/dr-shah-maqbool,,2025-12-03 22:08:32.232000,['Dentist']
6930b4e0c38ecb697ef12aa0,,,Karachi,,,https://www.marham.pk/hospitals/karachi/mumtaz-hospital/north-nazimabad,Dr. Momina Farhan,marham,https://www.marham.pk/doctors/karachi/physiotherapist/dr-momina-farhan,,2025-12-03 22:08:32.235000,['Physiotherapist']
6930b4e0c38ecb697ef12aa1,,,Karachi,,,https://www.marham.pk/hospitals/karachi/mumtaz-hospital/north-nazimabad,Dr. Nida Yasmin,marham,https://www.marham.pk/doctors/karachi/pediatrician/dr-nida-yasmin,,2025-12-03 22:08:32.237000,['Pediatrician']
6930b4f7c38ecb697ef12aa2,,,Karachi,,,https://www.marham.pk/hospitals/karachi/pak-international-hospital/dha-city-karachi,Dr. Habiba Sharaf Ali,marham,https://www.marham.pk/doctors/karachi/gynecologist/dr-habiba-sharaf-ali,,2025-12-03 22:08:55.443000,"['Gynecologist, Obstetrician']"
6930b4f7c38ecb697ef12aa3,,,Karachi,,,https://www.marham.pk/hospitals/karachi/pak-international-hospital/dha-city-karachi,Dr. Maha Dev,marham,https://www.marham.pk/doctors/karachi/pediatrician/dr-maha-dev,,2025-12-03 22:08:55.445000,['Pediatrician']
6930b4f7c38ecb697ef12aa4,,,Karachi,,,https://www.marham.pk/hospitals/karachi/pak-international-hospital/dha-city-karachi,Dr. Abdul Hameed Shaikh,marham,https://www.marham.pk/doctors/karachi/ent-specialist/dr-abdul-hameed-shaikh,,2025-12-03 22:08:55.447000,"['Ent Specialist, Ent Surgeon']"
6930b535c38ecb697ef12aa5,,,Karachi,16 Yrs,,https://www.marham.pk/hospitals/karachi/naheed-medical-center/gulshan-e-iqbal,Asst. Prof. Dr. Azeem Hussain Soomro,marham,https://www.marham.pk/doctors/karachi/dentist/asst-prof-dr-azeem-hussain-soomro,,2025-12-03 22:09:57.959000,['Dentist']
6930b535c38ecb697ef12aa6,,,Karachi,10 Yrs,,https://www.marham.pk/hospitals/karachi/naheed-medical-center/gulshan-e-iqbal,Dr. Fizza Khalid,marham,https://www.marham.pk/doctors/karachi/dentist/dr-fizza-khalid,,2025-12-03 22:09:57.964000,['Dentist']
6930b54dc38ecb697ef12aa7,,,Karachi,19 Yrs,,https://www.marham.pk/hospitals/karachi/al-fatima-hospital/gulshan-e-iqbal,Dr. Rabia Farooqui,marham,https://www.marham.pk/doctors/karachi/gynecologist/dr-rabia-farooqui,,2025-12-03 22:10:21.082000,['Gynecologist']
6930b54dc38ecb697ef12aa8,,,Karachi,,,https://www.marham.pk/hospitals/karachi/al-fatima-hospital/gulshan-e-iqbal,Dr. Ifrah Uroos,marham,https://www.marham.pk/doctors/karachi/cardiologist/dr-ifrah-uroos,,2025-12-03 22:10:21.089000,['Cardiologist']
6930b54dc38ecb697ef12aa9,,,Karachi,,,https://www.marham.pk/hospitals/karachi/al-fatima-hospital/gulshan-e-iqbal,Dr. Syed Farhan Ahmed,marham,https://www.marham.pk/doctors/karachi/urologist/dr-syed-farhan-ahmed,,2025-12-03 22:10:21.096000,['Urologist']
6930b54dc38ecb697ef12aaa,,,Karachi,6 Yrs,,https://www.marham.pk/hospitals/karachi/al-fatima-hospital/gulshan-e-iqbal,Dr. Faiqa Hassan,marham,https://www.marham.pk/doctors/karachi/pediatrician/dr-faiqa-hassan,,2025-12-03 22:10:21.105000,['Pediatrician']
6930b54dc38ecb697ef12aab,,,Karachi,,,https://www.marham.pk/hospitals/karachi/al-fatima-hospital/gulshan-e-iqbal,Dr. Adiba Zeeshan,marham,https://www.marham.pk/doctors/karachi/general-practitioner/dr-adiba-zeeshan,,2025-12-03 22:10:21.115000,['General Practitioner']
6930b54dc38ecb697ef12aac,,,Karachi,,,https://www.marham.pk/hospitals/karachi/al-fatima-hospital/gulshan-e-iqbal,Dr. Mariam Zaighum,marham,https://www.marham.pk/doctors/karachi/orthopedic-surgeon/dr-mariam-zaighum,,2025-12-03 22:10:21.123000,['Orthopedic Surgeon']
6930b54dc38ecb697ef12aad,,,Karachi,,,https://www.marham.pk/hospitals/karachi/al-fatima-hospital/gulshan-e-iqbal,Dr. Maryam Javed,marham,https://www.marham.pk/doctors/karachi/neuro-physician/dr-maryam-javed,,2025-12-03 22:10:21.129000,['Neurologist']
6930b54dc38ecb697ef12aae,,,Karachi,,,https://www.marham.pk/hospitals/karachi/al-fatima-hospital/gulshan-e-iqbal,Dr. Waqas Ahmed,marham,https://www.marham.pk/doctors/karachi/urologist/dr-waqas-ahmed,,2025-12-03 22:10:21.137000,['Urologist']
6930b54dc38ecb697ef12aaf,,,Karachi,,,https://www.marham.pk/hospitals/karachi/al-fatima-hospital/gulshan-e-iqbal,Dr. Rubab Nafees,marham,https://www.marham.pk/doctors/karachi/general-surgeon/dr-rubab-nafees,,2025-12-03 22:10:21.144000,"['General Surgeon, Laparoscopic Surgeon']"
6930b54dc38ecb697ef12ab0,,,Karachi,,,https://www.marham.pk/hospitals/karachi/al-fatima-hospital/gulshan-e-iqbal,Dr. Asma Muhammad Ali,marham,https://www.marham.pk/doctors/karachi/plastic-surgeon/dr-asma-muhammad-ali,,2025-12-03 22:10:21.147000,"['Plastic Surgeon, Reconstructive Surgeon']"
6930b54dc38ecb697ef12ab1,,,Karachi,,,https://www.marham.pk/hospitals/karachi/al-fatima-hospital/gulshan-e-iqbal,Dr. Shah Rukh Khalil,marham,https://www.marham.pk/doctors/karachi/general-surgeon/dr-shah-rukh-khalil,,2025-12-03 22:10:21.152000,"['General Surgeon, Laparoscopic Surgeon']"
6930b54dc38ecb697ef12ab2,,,Karachi,,,https://www.marham.pk/hospitals/karachi/al-fatima-hospital/gulshan-e-iqbal,Dr. Azadi Saleh,marham,https://www.marham.pk/doctors/karachi/dermatologist/dr-azadi-saleh,,2025-12-03 22:10:21.157000,"['Dermatologist, Cosmetologist']"
6930b54dc38ecb697ef12ab3,,,Karachi,,,https://www.marham.pk/hospitals/karachi/al-fatima-hospital/gulshan-e-iqbal,Dr. Fahad Hanif Khan,marham,https://www.marham.pk/doctors/karachi/plastic-surgeon/dr-fahad-hanif-khan,,2025-12-03 22:10:21.162000,"['Plastic Surgeon, Cosmetic Surgeon']"
6930b54dc38ecb697ef12ab4,,,Karachi,,,https://www.marham.pk/hospitals/karachi/al-fatima-hospital/gulshan-e-iqbal,Dr. Urooj Naz,marham,https://www.marham.pk/doctors/karachi/pediatrician/dr-urooj-naz,,2025-12-03 22:10:21.166000,"['Pediatrician, Neonatologist']"
6930b54dc38ecb697ef12ab5,,,Karachi,,,https://www.marham.pk/hospitals/karachi/al-fatima-hospital/gulshan-e-iqbal,Dr. Anum Latif,marham,https://www.marham.pk/doctors/karachi/internal-medicine/dr-anum-latif,,2025-12-03 22:10:21.170000,"['Internal Medicine Specialist, General Physician, Medical Specialist']"
6930b54dc38ecb697ef12ab6,,,Karachi,,,https://www.marham.pk/hospitals/karachi/al-fatima-hospital/gulshan-e-iqbal,Dr. Nida Saleem,marham,https://www.marham.pk/doctors/karachi/general-surgeon/dr-nida-saleem,,2025-12-03 22:10:21.174000,"['General Surgeon, Laparoscopic Surgeon']"
6930b54dc38ecb697ef12ab7,,,Karachi,,,https://www.marham.pk/hospitals/karachi/al-fatima-hospital/gulshan-e-iqbal,Dr. Irfan Ahsan,marham,https://www.marham.pk/doctors/karachi/internal-medicine/dr-irfan-ahsan,,2025-12-03 22:10:21.178000,"['Internal Medicine Specialist, Pulmonologist / Lung Specialist']"
6930b563c38ecb697ef12ab8,,,Karachi,12 Yrs,,https://www.marham.pk/hospitals/karachi/karachi-medicos-radiology-center/dha-phase-6,Dr. Fida Hussain,marham,https://www.marham.pk/doctors/karachi/dermatologist/dr-fida-hussain,,2025-12-03 22:10:43.055000,['Dermatologist']
6930b563c38ecb697ef12ab9,,,Karachi,38 Yrs,,https://www.marham.pk/hospitals/karachi/karachi-medicos-radiology-center/dha-phase-6,Dr. Rabia Shams,marham,https://www.marham.pk/doctors/karachi/general-physician/dr-rabia-shams,,2025-12-03 22:10:43.063000,['General Physician']
6930b563c38ecb697ef12aba,,,Karachi,15 Yrs,,https://www.marham.pk/hospitals/karachi/karachi-medicos-radiology-center/dha-phase-6,Dr. Shohab Hyder Shaikh,marham,https://www.marham.pk/doctors/karachi/orthopedic-surgeon/dr-shohab-hyder-shaikh,,2025-12-03 22:10:43.071000,['Orthopedic Surgeon']
6930b563c38ecb697ef12abb,,,Karachi,,,https://www.marham.pk/hospitals/karachi/karachi-medicos-radiology-center/dha-phase-6,Dr. Shams Qazi,marham,https://www.marham.pk/doctors/karachi/general-practitioner/dr-shams-qazi,,2025-12-03 22:10:43.082000,['General Practitioner']
6930b563c38ecb697ef12abc,,,Karachi,12 Yrs,,https://www.marham.pk/hospitals/karachi/karachi-medicos-radiology-center/dha-phase-6,Dr. Sadiqa Haider,marham,https://www.marham.pk/doctors/karachi/general-surgeon/dr-sadiqa-haider,,2025-12-03 22:10:43.089000,['General Surgeon']
6930b57ec38ecb697ef12abd,,,Karachi,5 Yrs,,https://www.marham.pk/hospitals/karachi/house-of-pebbles/pechs,Ms. Adeeba Inam,marham,https://www.marham.pk/doctors/karachi/psychologist/ms-adeeba-inam,,2025-12-03 22:11:10.040000,['Psychologist']
6930b57ec38ecb697ef12abe,,,Karachi,3 Yrs,,https://www.marham.pk/hospitals/karachi/house-of-pebbles/pechs,Ms.Ayesha Abdul Ahad,marham,https://www.marham.pk/doctors/karachi/psychologist/msayesha-abdul-ahad,,2025-12-03 22:11:10.049000,['Psychologist']
6930b57ec38ecb697ef12abf,,,Karachi,6 Yrs,,https://www.marham.pk/hospitals/karachi/house-of-pebbles/pechs,Eisha Usmani,marham,https://www.marham.pk/doctors/karachi/psychologist/eisha-usmani,,2025-12-03 22:11:10.057000,['Psychologist']
6930b57ec38ecb697ef12ac0,,,Karachi,10 Yrs,,https://www.marham.pk/hospitals/karachi/house-of-pebbles/pechs,Mr. Fawad Shah,marham,https://www.marham.pk/doctors/karachi/psychologist/mr-fawad-shah,,2025-12-03 22:11:10.063000,['Psychologist']
6930b57ec38ecb697ef12ac1,,,Karachi,8 Yrs,,https://www.marham.pk/hospitals/karachi/house-of-pebbles/pechs,Ms. Zainab Barry,marham,https://www.marham.pk/doctors/karachi/psychologist/ms-zainab-barry,,2025-12-03 22:11:10.069000,['Psychologist']
6930b57ec38ecb697ef12ac2,,,Karachi,2 Yrs,,https://www.marham.pk/hospitals/karachi/house-of-pebbles/pechs,Anum Siddiqui,marham,https://www.marham.pk/doctors/karachi/psychologist/anum-siddiqui,,2025-12-03 22:11:10.081000,['Psychologist']
6930b57ec38ecb697ef12ac3,,,Karachi,4 Yrs,,https://www.marham.pk/hospitals/karachi/house-of-pebbles/pechs,Ms Murk Qazi,marham,https://www.marham.pk/doctors/karachi/psychologist/ms-murk-qazi,,2025-12-03 22:11:10.089000,['Psychologist']
6930b57ec38ecb697ef12ac4,,,Karachi,4 Yrs,,https://www.marham.pk/hospitals/karachi/house-of-pebbles/pechs,Ms. Nayab Dehraj,marham,https://www.marham.pk/doctors/karachi/psychologist/ms-nayab-dehraj,,2025-12-03 22:11:10.094000,['Psychologist']
6930b57ec38ecb697ef12ac5,,,Karachi,2 Yrs,,https://www.marham.pk/hospitals/karachi/house-of-pebbles/pechs,Ms. Fatima Khizer,marham,https://www.marham.pk/doctors/karachi/psychologist/ms-fatima-khizer,,2025-12-03 22:11:10.101000,['Psychologist']
6930b57ec38ecb697ef12ac6,,,Karachi,2 Yrs,,https://www.marham.pk/hospitals/karachi/house-of-pebbles/pechs,Ms. Tooba Arshad,marham,https://www.marham.pk/doctors/karachi/psychologist/ms-tooba-arshad,,2025-12-03 22:11:10.106000,['Psychologist']
6930b57ec38ecb697ef12ac7,,,Karachi,,,https://www.marham.pk/hospitals/karachi/house-of-pebbles/pechs,Ms. Zainab Ali,marham,https://www.marham.pk/doctors/karachi/psychologist/ms-zainab-ali,,2025-12-03 22:11:10.114000,['Psychologist']
6930b57ec38ecb697ef12ac8,,,Karachi,,,https://www.marham.pk/hospitals/karachi/house-of-pebbles/pechs,Ms. Huma Humair,marham,https://www.marham.pk/doctors/karachi/psychologist/ms-huma-humair,,2025-12-03 22:11:10.119000,['Psychologist']
6930b57ec38ecb697ef12ac9,,,Karachi,3.5 Yrs,,https://www.marham.pk/hospitals/karachi/house-of-pebbles/pechs,Ms. Maha Mohsin,marham,https://www.marham.pk/doctors/karachi/psychologist/ms-maha-mohsin,,2025-12-03 22:11:10.124000,['Psychologist']
6930b57ec38ecb697ef12aca,,,Karachi,3 Yrs,,https://www.marham.pk/hospitals/karachi/house-of-pebbles/pechs,Kainat Amin,marham,https://www.marham.pk/doctors/karachi/psychologist/kainat-amin,,2025-12-03 22:11:10.130000,['Psychologist']
6930b57ec38ecb697ef12acb,,,Karachi,3 Yrs,,https://www.marham.pk/hospitals/karachi/house-of-pebbles/pechs,Areeja Shahid,marham,https://www.marham.pk/doctors/karachi/psychologist/areeja-shahid,,2025-12-03 22:11:10.137000,['Psychologist']
6930b57ec38ecb697ef12acc,,,Karachi,,,https://www.marham.pk/hospitals/karachi/house-of-pebbles/pechs,Ms. Mariam Motiwala,marham,https://www.marham.pk/doctors/karachi/psychologist/ms-mariam-motiwala,,2025-12-03 22:11:10.142000,['Psychologist']
6930b57ec38ecb697ef12acd,,,Karachi,,,https://www.marham.pk/hospitals/karachi/house-of-pebbles/pechs,Ms. Fizza Merchant,marham,https://www.marham.pk/doctors/karachi/psychologist/ms-fizza-merchant,,2025-12-03 22:11:10.148000,['Psychologist']
6930b57ec38ecb697ef12ace,,,Karachi,,,https://www.marham.pk/hospitals/karachi/house-of-pebbles/pechs,Mr. Anab Ahmed,marham,https://www.marham.pk/doctors/karachi/psychologist/mr-anab-ahmed,,2025-12-03 22:11:10.156000,['Psychologist']
6930b57ec38ecb697ef12acf,,,Karachi,,,https://www.marham.pk/hospitals/karachi/house-of-pebbles/pechs,Ms. Aasiyah Sharif,marham,https://www.marham.pk/doctors/karachi/psychologist/ms-aasiyah-sharif,,2025-12-03 22:11:10.170000,['Psychologist']
6930b57ec38ecb697ef12ad0,,,Karachi,,,https://www.marham.pk/hospitals/karachi/house-of-pebbles/pechs,Ms. Arubah Malik,marham,https://www.marham.pk/doctors/karachi/psychologist/ms-arubah-malik,,2025-12-03 22:11:10.176000,['Psychologist']
6930b57ec38ecb697ef12ad1,,,Karachi,,,https://www.marham.pk/hospitals/karachi/house-of-pebbles/pechs,Ms. Azka Hasan,marham,https://www.marham.pk/doctors/karachi/psychologist/ms-azka-hasan,,2025-12-03 22:11:10.182000,['Psychologist']
6930b57ec38ecb697ef12ad2,,,Karachi,5 Yrs,,https://www.marham.pk/hospitals/karachi/house-of-pebbles/pechs,Tooba Khalid,marham,https://www.marham.pk/doctors/karachi/psychologist/tooba-khalid,,2025-12-03 22:11:10.189000,['Psychologist']
6930b594c38ecb697ef12ad3,,,Karachi,7 Yrs,,https://www.marham.pk/hospitals/karachi/nk-consultant-clinic/federal-b,Dr. Irsa Islam,marham,https://www.marham.pk/doctors/karachi/pediatrician/dr-irsa-islam,,2025-12-03 22:11:32.722000,['Pediatrician']
6930b594c38ecb697ef12ad4,,,Karachi,40 Yrs,,https://www.marham.pk/hospitals/karachi/nk-consultant-clinic/federal-b,Dr. Iffat Rizwana,marham,https://www.marham.pk/doctors/karachi/gynecologist/dr-iffat-rizwana,,2025-12-03 22:11:32.730000,['Gynecologist']
6930b594c38ecb697ef12ad5,,,Karachi,,,https://www.marham.pk/hospitals/karachi/nk-consultant-clinic/federal-b,Dr. Abdul Rehman,marham,https://www.marham.pk/doctors/karachi/dentist/dr-abdul-rehman,,2025-12-03 22:11:32.738000,['Dentist']
6930b594c38ecb697ef12ad6,,,Karachi,2 Yrs,,https://www.marham.pk/hospitals/karachi/nk-consultant-clinic/federal-b,Dr. Saba Butt,marham,https://www.marham.pk/doctors/karachi/physiotherapist/dr-saba-butt,,2025-12-03 22:11:32.744000,['Physiotherapist']
6930b594c38ecb697ef12ad7,,,Karachi,,,https://www.marham.pk/hospitals/karachi/nk-consultant-clinic/federal-b,Dr. Faryal,marham,https://www.marham.pk/doctors/karachi/physiotherapist/dr-faryal,,2025-12-03 22:11:32.759000,[]
6930b594c38ecb697ef12ad8,,,Karachi,,,https://www.marham.pk/hospitals/karachi/nk-consultant-clinic/federal-b,Ms. Saba Butt,marham,https://www.marham.pk/doctors/karachi/physiotherapist/ms-saba-butt,,2025-12-03 22:11:32.767000,['Physiotherapist']
6930b594c38ecb697ef12ad9,,,Karachi,,,https://www.marham.pk/hospitals/karachi/nk-consultant-clinic/federal-b,Dr. Bilal Kamil,marham,https://www.marham.pk/doctors/karachi/cardiologist/dr-bilal-kamil,,2025-12-03 22:11:32.774000,['Cardiologist']
6930b5acc38ecb697ef12ada,,,Karachi,13 Yrs,,https://www.marham.pk/hospitals/karachi/transformation-wellness-clinic/gulshan-e-iqbal,Ms. Sumbul Mujeeb,marham,https://www.marham.pk/doctors/karachi/psychologist/ms-sumbul-mujeeb,,2025-12-03 22:11:56.041000,['Psychologist']
6930b5acc38ecb697ef12adb,,,Karachi,4 Yrs,,https://www.marham.pk/hospitals/karachi/transformation-wellness-clinic/gulshan-e-iqbal,Ms. Nighat Altaf,marham,https://www.marham.pk/doctors/karachi/psychologist/ms-nighat-altaf,,2025-12-03 22:11:56.047000,['Psychologist']
6930b5acc38ecb697ef12adc,,,Karachi,21 Yrs,,https://www.marham.pk/hospitals/karachi/transformation-wellness-clinic/gulshan-e-iqbal,Dr. Muhammad Imran Yousuf,marham,https://www.marham.pk/doctors/karachi/psychologist/dr-muhammad-imran-yousuf,,2025-12-03 22:11:56.054000,['Psychologist']
6930b5acc38ecb697ef12add,,,Karachi,,,https://www.marham.pk/hospitals/karachi/transformation-wellness-clinic/gulshan-e-iqbal,Dr. Sumbul Mujeeb,marham,https://www.marham.pk/doctors/karachi/psychologist/dr-sumbul-mujeeb,,2025-12-03 22:11:56.060000,['Psychologist']
6930b5acc38ecb697ef12ade,,,Karachi,,,https://www.marham.pk/hospitals/karachi/transformation-wellness-clinic/gulshan-e-iqbal,Ms. Rubina Hafeez,marham,https://www.marham.pk/doctors/karachi/psychologist/ms-rubina-hafeez,,2025-12-03 22:11:56.067000,['Psychologist']
6930b5acc38ecb697ef12adf,,,Karachi,,,https://www.marham.pk/hospitals/karachi/transformation-wellness-clinic/gulshan-e-iqbal,Dr. Imran Y. Muhammad,marham,https://www.marham.pk/doctors/karachi/psychologist/dr-imran-y-muhammad,,2025-12-03 22:11:56.077000,"['Psychologist, Hypertension Specialist']"
6930b618c38ecb697ef12ae0,,,Karachi,16 Yrs,,https://www.marham.pk/hospitals/karachi/memon-medical-institute-hospital-outreach-center/federal-b,Dr. Shaikh Sajjad,marham,https://www.marham.pk/doctors/karachi/ent-specialist/dr-shaikh-sajjad,,2025-12-03 22:13:44.444000,['Ent Specialist']
6930b618c38ecb697ef12ae1,,,Karachi,,,https://www.marham.pk/hospitals/karachi/memon-medical-institute-hospital-outreach-center/federal-b,Dr. Mahmood Khurasany,marham,https://www.marham.pk/doctors/karachi/dermatologist/dr-mahmood-khurasany,,2025-12-03 22:13:44.448000,['Dermatologist']
6930b618c38ecb697ef12ae2,,,Karachi,,,https://www.marham.pk/hospitals/karachi/memon-medical-institute-hospital-outreach-center/federal-b,Dr. Muhammad Arshad,marham,https://www.marham.pk/doctors/karachi/diabetologist/dr-muhammad-arshad,,2025-12-03 22:13:44.453000,['Diabetologist']
6930b618c38ecb697ef12ae3,,,Karachi,,,https://www.marham.pk/hospitals/karachi/memon-medical-institute-hospital-outreach-center/federal-b,Dr. Ghullam Muhammad,marham,https://www.marham.pk/doctors/karachi/general-physician/dr-ghullam-muhammad,,2025-12-03 22:13:44.457000,[]
6930b618c38ecb697ef12ae4,,,Karachi,8 Yrs,,https://www.marham.pk/hospitals/karachi/memon-medical-institute-hospital-outreach-center/federal-b,Dr. Harmain Mithani,marham,https://www.marham.pk/doctors/karachi/dentist/dr-harmain-mithani,,2025-12-03 22:13:44.461000,['Dentist']
6930b618c38ecb697ef12ae5,,,Karachi,,,https://www.marham.pk/hospitals/karachi/memon-medical-institute-hospital-outreach-center/federal-b,Dr. Shahzaib Ashfaq,marham,https://www.marham.pk/doctors/karachi/dentist/dr-shahzaib-ashfaq,,2025-12-03 22:13:44.465000,['Dentist']
6930b618c38ecb697ef12ae6,,,Karachi,,,https://www.marham.pk/hospitals/karachi/memon-medical-institute-hospital-outreach-center/federal-b,Dr. Laraib Shah Nawaz,marham,https://www.marham.pk/doctors/karachi/dentist/dr-laraib-shah-nawaz,,2025-12-03 22:13:44.468000,['Dentist']
6930b618c38ecb697ef12ae7,,,Karachi,,,https://www.marham.pk/hospitals/karachi/memon-medical-institute-hospital-outreach-center/federal-b,Dr. Fazal Ur Rehman,marham,https://www.marham.pk/doctors/karachi/general-physician/dr-fazal-ur-rehman,,2025-12-03 22:13:44.473000,['General Physician']
6930b618c38ecb697ef12ae8,,,Karachi,16 Yrs,,https://www.marham.pk/hospitals/karachi/memon-medical-institute-hospital-outreach-center/federal-b,Dr. Faisal,marham,https://www.marham.pk/doctors/karachi/gastroenterologist/dr-faisal,,2025-12-03 22:13:44.478000,['Gastroenterologist']
6930b62ec38ecb697ef12ae9,,,Karachi,4 Yrs,,https://www.marham.pk/hospitals/karachi/rida-medical-center/gulshan-e-iqbal,Dr. Anum Shakeel,marham,https://www.marham.pk/doctors/karachi/physiotherapist/dr-anum-shakeel,,2025-12-03 22:14:06.462000,['Physiotherapist']
6930b645c38ecb697ef12aea,,,Karachi,8 Yrs,,https://www.marham.pk/hospitals/karachi/skintech-solutions/muhammad-ali-society,Dr. Faryal Shareef,marham,https://www.marham.pk/doctors/karachi/dermatologist/dr-faryal-shareef,,2025-12-03 22:14:29.926000,['Dermatologist']
6930b645c38ecb697ef12aeb,,,Karachi,,,https://www.marham.pk/hospitals/karachi/skintech-solutions/muhammad-ali-society,Dr. Anam Islam,marham,https://www.marham.pk/doctors/karachi/general-practitioner/dr-anam-islam,,2025-12-03 22:14:29.932000,"['General Practitioner, Aesthetic Physician']"
6930b645c38ecb697ef12aec,,,Karachi,,,https://www.marham.pk/hospitals/karachi/skintech-solutions/muhammad-ali-society,Dr. Ali Sufyan,marham,https://www.marham.pk/doctors/karachi/general-practitioner/dr-ali-sufyan,,2025-12-03 22:14:29.937000,['General Practitioner']
6930b645c38ecb697ef12aed,,,Karachi,,,https://www.marham.pk/hospitals/karachi/skintech-solutions/muhammad-ali-society,Dr. Suneel Kumar,marham,https://www.marham.pk/doctors/karachi/plastic-surgeon/dr-suneel-kumar,,2025-12-03 22:14:29.942000,"['Plastic Surgeon, Cosmetic Surgeon, Hand Surgeon']"
6930b645c38ecb697ef12aee,,,Karachi,,,https://www.marham.pk/hospitals/karachi/skintech-solutions/muhammad-ali-society,Dr. Mehreen Ghafoor,marham,https://www.marham.pk/doctors/karachi/dermatologist/dr-mehreen-ghafoor,,2025-12-03 22:14:29.948000,"['Dermatologist, Cosmetologist']"
6930b65cc38ecb697ef12aef,,,Karachi,20 Yrs,,https://www.marham.pk/hospitals/karachi/the-health-clinic-dha/dha-city-karachi,Dr. Zahid Hussain,marham,https://www.marham.pk/doctors/karachi/general-physician/dr-zahid-hussain,,2025-12-03 22:14:52.218000,['General Physician']
6930b65cc38ecb697ef12af0,,,Karachi,,,https://www.marham.pk/hospitals/karachi/the-health-clinic-dha/dha-city-karachi,Dr. Ambereen Ansari,marham,https://www.marham.pk/doctors/karachi/general-practitioner/dr-ambereen-ansari,,2025-12-03 22:14:52.230000,['General Practitioner']
